AREA,PERIMETER,Ing_Eg,Rd_Maint,Rd_Width,Rd_Cond,Fire_Acc,St_Sign,Strc_Den,Hm_Set,Un_Lands,Priv_Act,Prox_Wild,SUBD_TOT,Prox_Flam,Veg_Type,Fuel_Load,Fuel_Strc,Def_Space,VEG_TOT,Roof_Asmb,Sid_Sof,Undr_Skrt,Utlty_Plmt,Strc_Ign,BLDG_TOT,Slope,Avg_Rain,Prev_Wind,Seas_Haz,Ign_Risk,Top_Adv,FIREHAZTOT,Wat_Avail,Ofst_Wat,Rspn_Time,Prox_Stn,FD_Trng,Wild_Cap,Loc_Ops,Com_Plan,Com_FirPrg,FIREPROTOT,OVRLHAZTOT,Acres,AreaName,Island,IntAgCoop,CAR_Rating,zone,CAR_Hawaii,CAR_adjtot
350902.922,316.142,0,0,0,0,0,0,0,0,0,0,0,0,0,0,0,0,0,0,0,0,0,0,0,0,0,0,0,0,0,0,0,0,0,0,0,0,0,0,0,0,0,0,350902.92152799998,Maui Interior,Maui,0,Unranked,,0.00000000000,
52.272,2.688,3,2,2,1,3,1,2,3,1,1,2,21,2,2,3,3,1,11,1,1,1,3,1,7,2,6,4,3,3,3,21,2,0,1,2,2,2,2,1,2,14,0,52.27206912280,Maalaea,Maui,1,Extreme,,40.00000000000,67
33.929,1.580,3,2,2,1,3,1,2,3,1,1,2,21,2,2,3,3,1,11,1,1,1,3,1,7,2,6,4,3,3,3,21,2,0,1,2,2,2,2,1,2,14,0,33.92883881950,Maalaea Harbor,Maui,1,Extreme,,40.00000000000,70
1228.330,6.973,3,1,1,1,1,1,1,1,3,2,3,16,3,2,3,3,0,11,2,2,2,2,2,8,2,6,4,3,3,3,21,2,0,1,2,2,2,2,1,2,14,0,1228.32987910000,Ukumehame,Maui,1,Extreme,,40.00000000000,75
1518.845,6.776,3,1,1,1,1,1,1,1,3,2,3,18,3,2,2,2,1,10,1,1,1,1,1,5,3,6,4,3,3,3,22,1,0,1,1,2,2,2,1,2,12,0,1518.84461014000,Olowalu Mauka,Maui,1,Extreme,,40.00000000000,67
1800.473,7.726,3,1,2,2,2,1,2,1,2,1,3,20,3,2,2,2,1,10,1,1,1,1,1,5,2,6,4,3,3,3,21,1,0,1,1,2,2,2,1,2,12,0,1800.47318509000,Launiupoko,Maui,1,Extreme,,40.00000000000,65
831.895,6.160,3,3,3,2,3,1,3,3,1,2,3,27,3,2,2,2,3,12,2,2,1,3,2,10,3,6,3,3,3,3,21,1,0,1,1,2,2,2,1,2,12,0,831.89530945800,Lahaina S Mauka,Maui,1,Extreme,,40.00000000000,77
420.848,5.000,3,2,3,2,2,1,3,3,1,1,2,23,1,2,2,2,1,8,1,1,1,2,1,6,2,5,3,3,3,3,19,1,0,1,1,2,2,2,1,2,12,0,420.84838391300,Wahikuli,Maui,1,Extreme,,40.00000000000,62
388.810,3.414,3,1,2,2,1,1,1,1,3,1,3,19,3,2,2,1,1,9,1,1,1,3,1,7,2,5,3,3,3,3,19,1,0,1,1,2,2,2,1,2,12,0,388.81036699900,Kaanapali C,Maui,1,Extreme,,36.00000000000,63
230.786,2.808,2,2,2,1,1,1,3,3,2,2,2,21,2,2,2,2,3,11,1,2,1,1,2,7,2,3,3,3,3,3,17,1,0,1,1,2,2,2,1,2,12,0,230.78573458400,Honokowai,Maui,1,High,,36.00000000000,64
129.056,2.757,2,2,2,2,2,1,2,2,2,2,2,21,2,2,3,2,2,11,1,1,2,3,1,8,2,3,3,2,2,3,15,1,0,1,1,2,2,2,1,2,12,0,129.05633198100,Kahana Makai,Maui,1,High,,30.00000000000,62
220.637,2.972,1,1,1,1,1,1,1,1,3,2,3,16,3,2,2,2,1,10,1,2,2,2,1,8,2,3,3,2,2,3,15,1,0,1,1,2,2,2,1,2,12,0,220.63712950700,Napili Mauka,Maui,1,Moderate,,24.00000000000,60
514.846,3.869,2,1,1,1,1,1,1,1,1,1,1,12,1,2,2,1,1,7,1,2,1,1,1,6,1,4,3,2,2,1,13,1,0,1,1,2,2,2,1,2,12,0,514.84615713900,Kapalua Mauka,Maui,1,Moderate,,22.00000000000,47
140.868,2.189,3,3,3,3,3,2,1,2,3,3,3,29,3,3,3,3,2,19,1,2,2,3,2,10,3,3,3,2,1,3,15,2,0,3,3,2,1,2,1,2,16,0,140.86759994400,Old Kahakuloa Village,Maui,1,High,,40.00000000000,
333.388,3.748,3,3,3,3,3,2,1,2,3,3,3,29,3,3,3,3,2,19,1,2,2,3,2,10,3,3,3,2,1,3,15,2,0,3,3,2,1,2,1,2,16,0,333.38812463500,Kahakuloa Homesteads,Maui,1,Extreme,,40.00000000000,75
699.331,6.679,2,2,3,1,2,1,2,2,1,2,3,21,3,2,2,1,2,10,1,2,2,3,2,10,3,2,3,1,1,3,13,3,0,2,3,2,2,2,1,2,17,0,699.33080553600,Camp Maluhia,Maui,1,High,,40.00000000000,
367.490,3.230,3,2,2,1,3,2,1,1,3,3,3,24,3,3,3,2,2,13,1,2,2,3,2,10,2,2,3,2,2,3,14,1,0,1,1,2,2,2,1,2,12,0,367.48990892500,Waiehu Mauka,Maui,1,High,,30.00000000000,68
1863.142,12.506,2,2,3,1,2,1,3,2,2,2,2,22,3,2,1,2,2,10,1,3,2,3,2,11,3,2,3,3,3,2,17,1,0,2,3,2,1,2,1,2,16,0,1863.14156797000,Wailuku,Maui,1,Extreme,,40.00000000000,67
320.134,5.268,2,1,1,1,2,1,1,1,2,1,3,16,3,1,2,1,1,8,1,2,1,1,1,6,2,4,3,2,2,3,17,1,0,1,1,2,2,2,1,2,12,0,320.13357875600,Wailuku Heights,Maui,1,Moderate,,19.00000000000,56
246.596,3.789,2,2,2,1,2,1,2,1,2,2,2,19,1,2,2,1,2,8,1,2,1,2,2,8,1,5,3,2,2,3,16,1,0,1,1,2,2,2,1,2,12,0,246.59614657900,Waikapu,Maui,1,Moderate,,21.00000000000,58
4806.309,18.651,2,1,2,1,2,1,3,1,2,2,2,19,2,2,1,1,2,8,1,2,2,3,2,10,1,6,4,3,3,1,18,1,0,1,1,2,2,2,1,2,12,0,4806.30857416000,Kahului,Maui,1,Extreme,,40.00000000000,63
401.989,5.279,2,1,2,1,2,1,2,1,2,1,1,16,2,1,1,1,1,6,2,2,2,1,1,8,1,6,4,3,2,1,17,1,0,1,1,2,2,2,1,2,12,0,401.98943098100,Spreckelsville,Maui,1,Low,,14.00000000000,56
334.851,7.064,2,2,2,2,3,1,3,2,1,2,2,22,3,2,1,1,2,9,1,3,2,3,2,11,2,3,4,2,2,1,14,1,0,1,1,1,2,2,2,2,12,0,334.85059786000,Paia,Maui,1,High,,30.00000000000,62
64.237,1.891,2,2,2,2,2,1,2,2,1,2,2,20,2,2,1,1,2,8,1,2,2,2,2,9,2,4,3,2,2,1,14,1,0,1,1,2,2,2,1,2,12,0,64.23719547660,Kuau,Maui,1,Low,,12.00000000000,57
97.948,2.107,2,2,2,2,3,1,3,2,1,2,2,22,3,2,1,1,2,9,1,3,2,3,2,11,2,3,3,2,2,3,15,1,0,1,1,2,2,2,1,2,12,0,97.94848196350,Hailimaile,Maui,1,High,,30.00000000000,
10756.153,23.733,2,2,3,2,3,1,1,1,2,2,3,22,2,2,2,2,2,10,1,2,2,3,2,10,3,1,3,1,2,2,12,1,0,2,2,2,2,2,1,2,14,0,10756.15311420000,Haiku,Maui,1,Low,,15.00000000000,60
1246.756,7.671,1,2,2,1,2,1,1,2,2,2,2,18,3,3,2,1,2,11,1,2,2,3,2,10,2,3,3,2,2,3,15,1,0,1,1,2,2,2,1,2,12,0,1246.75565197000,Makawao,Maui,1,Very High,,32.00000000000,62
3082.464,14.079,3,3,3,2,3,1,1,1,1,2,3,23,1,2,2,1,2,8,1,2,2,3,2,10,3,1,3,1,1,3,12,3,0,3,3,2,2,2,1,2,18,0,3082.46360011000,Huelo,Maui,1,Low,,7.00000000000,58
1146.891,6.686,3,3,3,1,3,2,1,1,1,2,2,22,1,2,2,1,2,8,1,2,2,3,2,10,3,1,3,1,1,3,12,3,0,3,3,2,2,2,1,2,18,0,1146.89070273000,Kailua,Maui,1,Low,,7.00000000000,58
745.582,11.016,3,2,2,1,3,2,1,1,1,2,1,19,1,1,2,1,1,6,1,2,2,3,2,10,2,1,3,1,1,3,11,2,0,3,3,2,2,2,1,2,17,0,745.58185638900,Keanae,Maui,1,Low,,4.00000000000,54
620.184,5.035,3,2,3,1,3,2,1,1,1,1,2,20,1,1,2,1,1,6,1,2,2,3,2,10,2,1,3,1,1,3,11,2,0,3,3,2,2,2,1,2,17,0,620.18396663000,Wailua,Maui,1,Low,,4.00000000000,55
779.625,7.238,3,2,3,1,3,3,1,1,1,2,2,22,1,2,2,2,2,9,1,2,2,3,3,11,2,1,3,1,1,3,11,2,0,3,3,2,2,2,1,2,17,0,779.62481084500,Nahiku,Maui,1,Low,,12.00000000000,61
1365.031,7.566,2,2,2,1,3,2,1,1,2,2,2,20,1,2,2,1,2,8,1,2,2,3,2,10,1,1,3,1,1,1,8,3,0,2,1,2,2,2,1,2,15,0,1365.03052774000,Kaeleku,Maui,1,Low,,1.00000000000,52
4496.307,15.562,2,2,2,1,2,1,2,1,1,2,2,18,1,2,1,1,2,7,1,2,3,3,2,11,2,1,3,2,1,3,12,2,0,1,1,2,2,2,1,2,13,0,4496.30742656000,Hana,Maui,1,Low,,7.00000000000,55
1449.258,8.075,2,2,3,1,2,1,1,2,2,2,3,21,1,2,2,1,2,8,1,2,3,3,2,11,1,1,3,1,1,1,8,2,0,1,1,2,2,2,1,2,13,0,1449.25847157000,Hamoa,Maui,1,Low,,1.00000000000,52
1023.663,6.675,3,3,3,1,3,2,1,1,2,2,2,23,1,2,2,2,2,9,1,2,3,3,2,11,1,2,3,1,1,1,9,3,0,2,2,2,2,2,1,2,16,0,1023.66253619000,Makaalae,Maui,1,Low,,9.00000000000,58
548.606,4.644,3,2,3,1,3,2,1,1,2,2,2,22,1,2,2,2,2,9,1,2,3,3,2,11,2,2,3,1,1,3,12,3,0,2,2,2,2,2,1,2,16,0,548.60567133500,Koali,Maui,1,Moderate,,23.00000000000,61
2926.994,11.616,3,2,3,1,3,3,1,1,2,2,2,23,2,2,2,2,2,10,1,2,3,3,2,11,3,3,4,2,1,3,16,3,0,3,3,2,2,2,1,2,18,0,2926.99410162000,Kipahulu,Maui,1,Extreme,,40.00000000000,67
9703.898,17.356,2,3,3,2,3,3,1,1,3,2,3,26,3,2,1,2,2,10,1,2,3,3,2,11,3,4,4,3,3,3,20,3,0,3,3,2,2,2,1,2,18,0,9703.89819830000,Kahikinui,Maui,1,Extreme,,40.00000000000,72
1517.531,11.055,3,2,2,1,3,1,1,1,3,2,3,22,3,2,3,2,1,11,1,2,2,3,1,9,3,2,2,2,2,1,14,2,0,2,2,2,2,2,1,2,15,0,1517.53113025000,Piiholo,Maui,1,Very High,,36.00000000000,
2094.103,9.375,3,2,2,1,3,1,1,1,3,2,3,22,3,2,3,2,1,11,1,2,2,3,1,9,3,3,2,2,2,3,15,2,0,2,2,2,2,2,1,2,15,0,2094.10275761000,Olinda,Maui,1,Very High,,36.00000000000,65
1224.695,6.423,1,1,2,1,2,1,2,1,1,2,2,16,3,1,2,1,2,9,1,2,2,3,2,10,2,3,2,1,1,3,12,1,0,1,3,2,2,2,1,2,14,0,1224.69473523000,Pukalani,Maui,1,Very High,,32.00000000000,62
1782.893,8.247,2,1,1,1,2,1,1,1,2,1,3,16,2,1,2,1,1,7,1,2,2,1,1,7,3,3,3,2,2,3,16,1,0,1,1,2,2,2,1,2,12,0,1782.89313009000,Kula,Maui,1,Moderate,,21.00000000000,55
2634.497,11.793,2,2,1,1,2,1,2,1,2,2,2,18,2,2,1,1,2,8,2,2,2,3,2,11,3,4,3,3,2,3,18,1,0,1,1,2,2,2,1,2,12,0,2634.49708687000,Lower Kula,Maui,1,Extreme,,40.00000000000,64
1979.473,11.849,2,2,2,1,2,1,1,1,3,2,3,20,2,2,2,2,2,10,2,2,2,2,2,10,3,3,2,2,2,3,15,1,0,1,1,2,2,2,1,2,12,0,1979.47327013000,Upper Kula,Maui,1,High,,36.00000000000,62
3407.607,10.359,1,2,2,1,1,1,2,1,1,2,2,16,2,2,2,2,1,9,1,2,3,3,2,11,3,3,2,3,3,3,17,1,0,1,1,2,2,2,1,2,12,0,3407.60704164000,Keokea-Waiohuli Hmstds,Maui,1,Very High,,36.00000000000,63
2994.664,10.438,2,2,2,1,2,2,1,2,3,2,3,22,3,2,1,2,2,10,1,2,3,3,2,11,3,5,2,3,3,3,19,1,0,1,1,2,2,2,1,2,12,0,2994.66449781000,Kula Hawaiian Hmstds,Maui,1,Extreme,,36.00000000000,70
847.381,7.571,2,1,2,1,1,1,2,2,2,1,3,18,2,2,2,2,1,9,2,1,1,1,1,6,1,6,3,3,3,1,17,1,0,1,1,2,2,2,1,2,12,0,847.38051830700,Makena,Maui,1,High,,36.00000000000,62
6103.539,19.925,1,2,2,1,2,1,2,2,3,2,3,21,3,2,2,2,2,11,2,2,2,3,2,11,1,6,3,3,3,1,17,1,0,1,1,2,2,2,1,2,12,0,6103.53873450000,Kihei,Maui,1,Extreme,,40.00000000000,69
401.223,3.065,2,2,3,1,2,2,1,1,3,2,3,22,3,2,2,2,1,10,1,2,3,3,2,11,3,3,4,3,2,3,18,2,0,3,3,2,2,2,1,2,17,0,401.22329441600,Ulupalakua,Maui,1,Extreme,,40.00000000000,68
4819.731,14.974,2,2,2,1,2,1,1,1,3,2,3,20,3,2,2,3,2,12,1,2,2,3,3,11,3,3,2,2,2,3,15,1,0,1,1,2,2,2,1,2,12,0,4819.73121134000,Waiakoa,Maui,1,Extreme,,40.00000000000,70
4366.195,18.656,3,2,3,1,3,2,1,1,2,2,2,22,1,2,2,2,2,10,1,2,3,3,2,11,3,3,4,3,3,3,19,3,0,3,3,2,2,2,1,2,18,0,4366.19505236000,Kaupo,Maui,1,Extreme,,40.00000000000,
59.679,2.000,3,2,3,1,3,2,1,1,2,2,2,22,1,2,2,2,2,9,1,2,3,3,2,11,2,2,3,1,1,3,12,3,0,2,2,2,2,2,1,2,17,0,59.67941698590,Puuiki,Maui,1,Low,,11.00000000000,
152.153,3.714,3,2,3,1,3,2,1,1,2,2,2,22,1,2,2,2,2,9,1,2,3,3,2,11,2,2,3,1,1,3,12,3,0,2,2,2,2,2,1,2,17,0,152.15263968000,Haou,Maui,1,Low,,15.00000000000,
9547.671,19.719,2,3,3,2,3,3,1,1,3,2,3,26,3,2,1,2,2,10,1,2,3,3,2,11,3,4,4,3,3,3,20,3,0,3,3,2,2,2,1,2,18,0,9547.67076717000,Kanaio,Maui,1,Extreme,,40.00000000000,
7072.593,19.772,2,3,3,2,3,3,1,1,3,2,3,26,3,2,2,2,1,10,1,2,3,3,2,11,3,5,4,3,3,3,21,3,0,3,3,2,2,2,1,2,19,0,7072.59313406000,Ahihi-Kinai,Maui,1,High,,40.00000000000,
186.345,8.837,3,3,3,2,2,1,2,0,2,1,3,22,3,2,3,2,2,12,1,2,1,3,1,8,2,6,4,3,3,2,20,1,0,2,3,2,2,2,1,2,15,0,186.34501455400,Ukumehame-Firing Range,Maui,1,Extreme,,40.00000000000,75
152.001,5.978,3,3,3,3,3,1,1,2,3,1,3,26,3,3,3,3,2,14,1,2,1,3,2,9,1,6,4,3,3,1,18,1,0,1,1,2,2,2,1,2,12,0,152.00087576700,Olowalu Makai,Maui,1,Extreme,,40.00000000000,62
774.821,6.151,1,2,1,1,2,1,3,3,2,2,1,19,2,2,2,1,2,9,3,1,1,3,2,10,2,6,4,3,3,3,21,1,0,1,1,2,2,2,1,2,12,0,774.82115156100,Launiupoko Makai,Maui,1,Extreme,,40.00000000000,65
8.403,0.625,3,3,3,2,2,1,2,2,3,2,3,26,3,3,3,3,2,14,1,2,1,3,3,10,1,6,4,3,3,1,18,1,0,1,1,2,2,2,1,2,12,0,8.40312976059,Olowalu Camp,Maui,1,Extreme,,40.00000000000,62
1903.595,11.506,0,0,0,0,0,0,0,0,0,0,0,0,0,0,0,0,0,0,0,0,0,0,0,0,0,0,0,0,0,0,0,0,0,0,0,0,0,0,0,0,0,0,1903.59478382000,Other,Maui,0,Unranked,,0.00000000000,
179.092,5.338,1,1,2,2,2,2,1,2,3,2,3,21,3,3,3,3,2,14,1,2,1,1,1,6,1,4,3,2,2,1,13,1,0,1,1,2,2,2,1,2,12,0,179.09152619300,Kapalua Makai,Maui,1,Moderate,,22.00000000000,47
784.144,6.873,1,2,1,1,1,1,1,1,1,1,3,14,3,2,2,3,1,12,1,1,1,1,1,5,1,4,3,2,2,1,13,1,0,1,1,2,2,2,1,2,12,0,784.14382894700,Honolua Golf Course,Maui,1,Moderate,,0.00000000000,
1315.631,13.895,3,3,3,3,3,3,1,2,3,2,3,27,3,2,3,3,2,13,2,2,2,2,2,10,2,3,3,2,2,3,15,3,0,2,2,2,2,2,1,2,16,0,1315.63146444000,Honokohau,Maui,1,Moderate,,22.00000000000,
213.588,3.038,3,2,3,2,3,1,3,3,1,2,2,25,2,2,2,2,2,10,1,2,1,3,1,8,3,6,3,3,3,3,21,1,0,1,1,2,2,2,1,2,12,0,213.58757744300,Lahaina N Mauka,Maui,1,Extreme,,40.00000000000,77
62.256,1.676,2,2,2,2,2,2,3,2,1,1,2,21,3,2,2,1,1,9,1,1,1,1,1,5,3,6,3,3,3,3,21,1,0,1,1,2,2,2,1,2,12,0,62.25649782540,Lahaina N Mauka Shops,Maui,1,Extreme,,40.00000000000,77
253.858,3.687,3,2,3,3,3,1,2,3,1,3,2,26,2,2,2,1,2,9,2,2,1,3,2,10,3,6,3,3,3,3,21,1,0,1,1,2,2,2,1,2,12,0,253.85765755900,Lahaina C Mauka,Maui,1,Extreme,,40.00000000000,77
355.743,6.427,1,2,2,1,2,1,2,1,1,2,1,14,1,1,1,1,1,5,1,2,1,2,1,7,1,6,3,3,3,1,17,1,0,1,1,2,2,2,1,2,12,0,355.74326208700,Lahaina Downtown,Maui,1,Extreme,,40.00000000000,71
16.044,1.146,3,2,2,2,2,1,3,3,2,2,3,25,3,2,3,2,3,13,2,1,1,1,1,6,1,6,3,3,3,1,17,1,0,1,1,2,2,2,1,2,12,0,16.04369852690,Lahaina Elementary,Maui,1,Extreme,,40.00000000000,71
142.695,1.917,3,2,3,2,3,1,1,1,2,1,3,22,3,2,3,2,3,13,1,1,1,3,1,7,3,6,3,3,3,3,21,1,0,1,1,2,2,2,1,2,12,0,142.69513331500,Lahaina Water Plant,Maui,1,High,,40.00000000000,77
25.194,1.062,1,2,2,1,2,1,2,1,1,2,1,16,1,1,1,1,1,6,1,2,1,2,1,6,1,6,3,3,3,1,17,1,0,1,1,2,2,2,1,2,12,0,25.19386062580,Lahaina Front St. Residences,Maui,1,Extreme,,40.00000000000,71
158.627,2.297,3,2,2,2,2,1,2,2,1,1,3,21,3,2,2,2,2,11,1,1,1,1,1,5,2,5,3,3,3,3,19,1,0,1,1,2,2,2,1,2,12,0,158.62685215800,Kaanapali S,Maui,1,Extreme,,36.00000000000,63
377.064,4.482,3,2,2,1,1,1,1,1,1,1,1,15,1,1,1,1,1,5,1,1,1,1,1,5,2,5,3,3,3,3,19,1,0,1,1,2,2,2,1,2,12,0,377.06443010900,Kaanapali Resort Area,Maui,1,Extreme,,36.00000000000,63
78.528,2.951,2,2,2,2,2,1,2,3,2,2,2,22,2,2,2,1,2,9,1,2,2,1,2,8,2,3,3,2,2,3,15,1,0,1,1,2,2,2,1,2,12,0,78.52802729320,Napili Makai,Maui,1,Moderate,,24.00000000000,60
45.487,1.288,3,1,2,1,1,1,1,1,3,2,3,19,3,2,3,3,1,12,1,1,1,3,1,7,2,3,3,2,2,3,15,1,0,1,1,2,2,2,1,2,12,0,45.48699400140,Maui Prep- Napili Mauka,Maui,1,Moderate,,24.00000000000,
94.939,1.830,3,1,2,1,2,1,1,2,1,1,3,18,3,2,3,2,2,12,1,1,1,1,1,5,2,3,3,2,2,3,15,1,0,1,1,2,2,2,1,2,12,0,94.93927815120,Kahana Mauka,Maui,1,Moderate,,30.00000000000,62
41.202,1.078,3,1,1,1,1,1,1,1,1,1,2,14,3,2,3,2,1,11,1,1,1,1,1,5,2,3,3,2,2,3,15,1,0,1,1,2,2,2,1,2,12,0,41.20183022140,Kapalani Estates,Maui,1,High,,30.00000000000,
84.722,1.713,3,2,2,1,2,1,3,2,2,2,2,22,3,2,2,2,3,12,1,1,2,1,1,6,2,3,3,2,2,3,15,1,0,1,1,2,2,2,1,2,12,0,84.72167906900,Mahinahina,Maui,1,High,,36.00000000000,
51.423,1.978,3,1,1,1,1,1,1,1,3,1,3,17,3,2,3,2,2,12,1,1,1,1,1,5,2,3,3,2,3,3,16,1,0,1,1,2,1,1,1,2,10,0,51.42309579960,Kapalua Airport,Maui,1,High,,30.00000000000,47
190.048,3.351,2,2,2,1,2,1,2,2,1,2,2,19,2,1,2,1,2,8,1,2,2,3,2,10,2,2,3,2,2,3,14,1,0,1,1,2,2,2,1,2,12,0,190.04828949800,Waiehu Makai,Maui,1,Moderate,,30.00000000000,61
182695.735,92.452,0,0,0,0,0,0,0,0,0,0,0,0,0,0,0,0,0,0,0,0,0,0,0,0,0,0,0,0,0,0,0,0,0,0,0,0,0,0,0,0,0,0,182346.47058299999,Kauai Interior,Kauai,0,Unranked,,0.00000000000,
271.602,3.850,0,0,0,0,0,0,0,0,0,0,0,0,0,0,0,0,0,0,0,0,0,0,0,0,0,0,0,0,0,0,0,0,0,0,0,0,0,0,0,0,0,0,271.60178800900,Lehua,Lehua,1,Unranked,,0.00000000000,
46044.508,51.915,0,0,0,0,0,0,0,0,0,0,0,0,0,0,0,0,0,0,0,0,0,0,0,0,0,0,0,0,0,0,0,0,0,0,0,0,0,0,0,0,0,0,46044.50818610000,Niihau,Niihau,0,Unranked,,0.00000000000,
352541.973,252.917,0,0,0,0,0,0,0,0,0,0,0,0,0,0,0,0,0,0,0,0,0,0,0,0,0,0,0,0,0,0,0,0,0,0,0,0,0,0,0,0,0,0,212095.14116400000,Oahu Interior,Oahu,0,Unranked,non,0.00000000000,
455.893,4.907,0,0,0,0,0,0,0,0,0,0,0,0,0,0,0,0,0,0,0,0,0,0,0,0,0,0,0,0,0,0,0,0,0,0,0,0,0,0,0,0,0,0,455.89317155300,Ford Island,Oahu,0,Unranked,non,0.00000000000,
512.154,4.492,0,0,0,0,0,0,0,0,0,0,0,0,0,0,0,0,0,0,0,0,0,0,0,0,0,0,0,0,0,0,0,0,0,0,0,0,0,0,0,0,0,0,512.15358203300,Sand Island,Oahu,0,Unranked,Zone 4: Honolulu,0.00000000000,
87340.991,121.055,0,0,0,0,0,0,0,0,0,0,0,0,0,0,0,0,0,0,0,0,0,0,0,0,0,0,0,0,0,0,0,0,0,0,0,0,0,0,0,0,0,0,87340.99129510000,Molokai Zone 1,Molokai,0,Unranked,,0.00000000000,
19.726,1.229,0,0,0,0,0,0,0,0,0,0,0,0,0,0,0,0,0,0,0,0,0,0,0,0,0,0,0,0,0,0,0,0,0,0,0,0,0,0,0,0,0,0,19.72629823770,Molokini Atoll,Molokini Atoll,0,Unranked,,0.00000000000,
28548.177,43.129,0,0,0,0,0,0,0,0,0,0,0,0,0,0,0,0,0,0,0,0,0,0,0,0,0,0,0,0,0,0,0,0,0,0,0,0,0,0,0,0,0,0,28548.17665850000,Kahoolawe,Kahoolawe,1,Unranked,,0.00000000000,
545457.986,194.999,0,0,0,0,0,0,0,0,0,0,0,0,0,0,0,0,0,0,0,0,0,0,0,0,0,0,0,0,0,0,0,0,0,0,0,0,0,0,0,0,0,0,545459.65548199997,Hawaii Island Zone 3,Hawaii Island,0,Unranked,,0.00000000000,
63348.567,75.622,0,0,0,0,0,0,0,0,0,0,0,0,0,0,0,0,0,0,0,0,0,0,0,0,0,0,0,0,0,0,0,0,0,0,0,0,0,0,0,0,0,0,63348.56665240000,Kauai Zone 1,Kauai,0,Unranked,,0.00000000000,
16084.131,48.944,0,0,0,0,0,0,0,0,0,0,0,0,0,0,0,0,0,0,0,0,0,0,0,0,0,0,0,0,0,0,0,0,0,0,0,0,0,0,0,0,0,0,16084.13085190000,Kauai Zone 2,Kauai,0,Unranked,,0.00000000000,
39656.516,98.466,0,0,0,0,0,0,0,0,0,0,0,0,0,0,0,0,0,0,0,0,0,0,0,0,0,0,0,0,0,0,0,0,0,0,0,0,0,0,0,0,0,0,40008.04211760000,Kauai Zone 3,Kauai,0,Unranked,,0.00000000000,
16122.243,47.417,0,0,0,0,0,0,0,0,0,0,0,0,0,0,0,0,0,0,0,0,0,0,0,0,0,0,0,0,0,0,0,0,0,0,0,0,0,0,0,0,0,0,16122.24295640000,Kauai Zone 4,Kauai,0,Unranked,,0.00000000000,
154.469,2.416,3,2,3,1,2,2,1,1,1,2,2,20,1,2,2,2,1,8,1,2,2,3,2,10,1,2,2,1,1,2,9,2,0,2,2,2,2,3,3,3,14,0,154.46937077200,Haena,Kauai,1,Low,,10.00000000000,54
325.747,4.256,2,2,3,1,2,2,1,1,2,2,2,20,1,2,2,2,2,9,1,2,2,3,2,10,1,2,2,1,1,2,9,2,0,2,2,2,2,3,3,3,14,0,325.74708287400,Wainiha,Kauai,1,Low,,10.00000000000,55
582.924,6.540,2,2,2,1,2,2,1,1,2,2,2,19,1,2,2,2,2,9,1,2,2,3,2,10,1,2,2,1,1,2,9,2,0,1,2,2,2,3,3,3,14,0,582.92384737200,Lumahai,Kauai,1,Low,,10.00000000000,54
975.175,7.472,2,1,2,1,2,1,2,1,1,2,2,17,1,1,2,2,1,7,1,2,2,3,2,10,1,2,2,1,1,1,8,2,0,1,1,2,2,3,3,3,14,0,975.17492456700,Hanalei,Kauai,1,Very Low,,10.00000000000,49
1611.926,7.671,2,1,1,1,2,1,2,1,1,1,1,14,1,1,2,2,1,7,2,1,1,1,2,7,1,3,3,1,1,1,10,2,0,1,1,2,2,3,3,3,14,0,1611.92578088000,Princeville,Kauai,1,Very Low,,10.00000000000,49
867.859,5.729,3,2,1,1,3,1,1,1,2,2,2,19,1,2,2,2,2,9,1,2,2,3,2,10,1,2,3,1,1,1,9,2,0,1,1,2,2,3,3,3,14,0,867.85852018800,Kalihiwai,Kauai,1,Low,,10.00000000000,54
3133.520,10.442,2,1,1,1,2,1,2,1,2,2,2,17,2,2,2,2,1,9,1,2,2,2,2,9,1,3,3,2,1,1,11,2,0,1,2,2,2,3,3,3,14,0,3133.51997964000,Kilauea,Kauai,1,Low,,10.00000000000,57
501.169,4.922,2,1,2,1,2,2,1,1,3,2,2,19,3,2,2,2,2,11,1,2,2,3,2,10,1,4,4,3,2,2,16,2,0,1,2,2,2,3,3,3,14,0,501.16869409100,Moloaa,Kauai,1,Extreme,,40.00000000000,70
2452.606,9.730,2,2,2,1,2,2,1,1,2,2,3,20,2,2,2,2,2,10,2,2,2,2,2,10,1,4,4,2,2,2,15,2,0,1,3,2,2,3,3,3,14,0,2452.60595568000,Papaa,Kauai,1,Very High,,40.00000000000,67
258.263,2.716,2,2,2,1,1,2,1,2,2,2,3,20,2,2,2,2,2,10,1,2,2,2,2,9,1,5,4,3,2,2,17,2,0,1,1,2,2,3,3,3,14,0,258.26305422000,Kealia,Kauai,1,Extreme,,40.00000000000,69
2414.227,7.980,2,1,2,2,3,1,1,1,3,2,3,21,2,2,3,2,2,11,1,2,2,3,2,10,1,3,3,3,2,2,14,2,0,1,1,2,2,3,3,3,14,0,2414.22743634000,Kapahi,Kauai,1,High,,40.00000000000,66
2611.316,9.274,2,1,2,1,2,1,2,1,2,2,3,19,3,2,2,1,2,10,1,2,2,3,2,10,1,5,4,3,3,1,17,2,0,1,1,2,2,3,3,3,14,0,2611.31554615000,Kapaa,Kauai,1,Extreme,,40.00000000000,70
511.745,3.926,2,1,1,1,2,1,2,1,2,1,3,17,3,2,2,1,2,10,1,2,2,3,2,10,1,4,4,2,2,1,14,2,0,1,1,2,2,3,3,3,14,0,511.74467121600,Waipouli,Kauai,1,Extreme,,40.00000000000,70
536.209,3.988,2,1,1,1,2,1,2,1,2,1,3,17,3,2,1,1,2,9,1,2,1,3,2,9,2,4,4,2,2,2,16,2,0,1,1,2,2,3,3,3,14,0,536.20861140900,Wailua House Lots,Kauai,1,High,,30.00000000000,65
3146.009,14.011,2,1,2,1,2,1,2,1,2,2,3,19,2,2,1,1,2,8,1,2,2,3,2,10,2,3,4,2,1,2,14,2,0,1,1,2,2,3,3,3,14,0,3146.00931411000,Wailua Homesteads,Kauai,1,Moderate,,10.00000000000,62
483.471,3.464,2,1,2,1,2,1,3,1,1,2,3,19,3,2,1,1,2,9,1,2,2,3,2,10,1,4,4,3,2,1,15,2,0,1,1,2,2,3,3,3,14,0,483.47052776200,Hanamaulu,Kauai,1,High,,30.00000000000,65
4144.004,12.158,2,1,1,1,2,1,3,1,2,2,3,19,3,2,2,1,2,10,2,2,2,2,2,10,1,5,4,3,2,2,17,2,0,1,1,2,2,3,3,3,14,0,4144.00420973000,Lihue,Kauai,1,Extreme,,40.00000000000,70
507.635,3.639,2,1,1,1,2,1,2,1,1,1,3,16,3,2,1,1,1,8,1,1,2,2,1,7,1,4,3,3,2,1,14,2,0,1,1,2,2,3,3,3,14,0,507.63547001800,Puhi,Kauai,1,Low,,30.00000000000,58
230.736,3.471,2,1,2,1,2,2,2,1,2,2,3,20,3,2,2,1,2,10,1,2,2,2,2,9,1,5,3,2,2,2,15,2,0,1,1,2,2,3,3,3,14,0,230.73566319400,Niumalu,Kauai,1,Very High,,30.00000000000,66
1287.549,10.700,2,1,1,1,2,1,2,1,2,1,3,17,3,2,2,2,1,10,2,1,2,2,2,9,1,6,4,2,3,1,17,2,0,1,1,2,2,3,3,3,14,0,1287.54914303000,Poipu,Kauai,1,Extreme,,30.00000000000,68
722.412,5.204,2,1,1,1,2,1,2,2,3,2,3,20,3,2,2,2,2,11,1,2,2,3,2,10,1,5,4,2,3,1,16,2,0,1,1,2,2,3,3,3,14,0,722.41199972800,Koloa,Kauai,1,Extreme,,30.00000000000,69
655.603,4.746,2,1,2,1,2,2,2,1,2,2,2,19,1,2,2,1,2,8,2,2,2,3,2,11,2,2,2,1,1,2,10,2,0,1,1,2,2,3,3,3,14,0,655.60330314800,Omao,Kauai,1,Low,,10.00000000000,58
620.358,4.624,2,2,2,1,2,1,2,1,2,2,3,20,1,2,2,2,2,9,1,2,2,3,2,10,2,2,2,1,1,3,11,2,0,1,1,2,2,3,3,3,14,0,620.35756719000,Lawai,Kauai,1,Low,,10.00000000000,58
1071.190,6.303,2,1,2,1,2,1,2,1,1,2,3,18,1,2,2,2,2,9,1,2,2,3,2,10,2,4,4,1,2,2,15,2,0,1,1,2,2,1,3,3,12,0,1071.18955284000,Lower Kalaheo,Kauai,1,High,,10.00000000000,65
77.510,1.519,2,2,2,2,2,3,2,1,3,3,2,24,3,2,3,2,3,13,1,3,3,3,3,13,1,5,3,3,3,2,17,2,0,1,1,2,2,3,3,3,14,0,77.50982322720,Numila,Kauai,1,Moderate,,30.00000000000,78
515.505,5.359,2,1,1,1,2,1,2,1,2,1,3,17,3,2,2,1,2,10,1,2,2,2,2,9,2,4,3,3,3,2,17,2,0,1,1,2,2,3,3,3,14,0,515.50549609900,Eleele,Kauai,1,Extreme,,30.00000000000,68
556.311,5.780,2,1,2,1,2,1,2,2,2,2,3,20,3,2,3,2,2,12,1,2,2,3,2,10,2,5,3,3,3,2,18,2,0,1,1,2,2,3,3,3,14,0,556.31059197600,Hanapepe,Kauai,1,Extreme,,30.00000000000,74
105.966,1.596,2,2,2,2,2,3,2,1,2,2,3,23,2,2,2,2,2,10,1,3,3,3,3,13,1,5,3,3,3,1,16,2,0,1,1,2,2,3,3,3,14,0,105.96587149000,Kaumakani,Kauai,1,Extreme,,10.00000000000,73
92.299,1.502,2,3,2,2,2,2,2,2,2,2,3,24,3,2,2,2,2,11,1,2,2,3,2,10,1,6,3,3,3,1,17,2,0,1,1,2,2,3,3,3,14,0,92.29887841360,Pakala,Kauai,1,Extreme,,10.00000000000,73
547.779,3.932,2,2,2,1,2,1,2,2,2,2,3,21,3,2,2,2,2,11,1,2,2,3,2,10,2,6,3,3,3,2,19,2,0,1,1,2,2,3,3,3,14,0,547.77888394100,Waimea,Kauai,1,Extreme,,30.00000000000,75
851.406,6.993,1,2,2,1,2,1,2,2,1,2,2,18,3,2,2,1,2,10,1,2,2,3,2,10,1,6,3,3,3,2,18,2,0,2,1,2,2,3,3,3,15,0,851.40625912000,Kekaha,Kauai,1,Extreme,,30.00000000000,71
1889.779,12.713,2,1,1,1,2,2,1,1,2,1,3,17,3,1,2,2,1,9,1,2,1,1,1,6,1,6,4,3,3,1,18,2,0,2,3,2,2,3,3,3,14,0,1889.77873836000,Mana,Kauai,1,Extreme,,30.00000000000,68
1057.642,6.595,2,2,2,2,2,3,1,2,3,2,3,24,3,2,3,2,2,12,2,2,2,3,2,11,2,3,2,3,3,3,16,2,0,3,3,2,2,3,3,3,14,0,1057.64158321000,Kokee,Kauai,1,Extreme,,40.00000000000,75
868.175,4.870,2,2,2,1,2,2,1,2,2,2,3,21,3,2,2,2,2,11,2,2,2,2,2,10,2,5,4,3,2,2,18,2,0,1,2,2,2,3,3,3,14,0,868.17460780700,Anahola,Kauai,1,Extreme,,40.00000000000,74
745.522,4.935,2,1,2,1,2,1,2,1,1,2,3,18,1,2,2,2,2,9,1,2,2,3,2,10,2,2,3,1,2,3,12,2,0,1,1,2,2,3,3,3,14,0,745.52156646400,Upper Kalaheo,Kauai,1,Moderate,,10.00000000000,59
280861.312,220.909,0,0,0,0,0,0,0,0,0,0,0,0,0,0,0,0,0,0,0,0,0,0,0,0,0,0,0,0,0,0,0,0,0,0,0,0,0,0,0,0,0,0,280861.31225000002,,Hawaii Island,0,Unranked,,0.00000000000,
336301.021,257.957,0,0,0,0,0,0,0,0,0,0,0,0,0,0,0,0,0,0,0,0,0,0,0,0,0,0,0,0,0,0,0,0,0,0,0,0,0,0,0,0,0,0,336301.02144699998,Hawaii Island Interior,Hawaii Island,0,Unranked,,0.00000000000,
254155.603,134.159,0,0,0,0,0,0,0,0,0,0,0,0,0,0,0,0,0,0,0,0,0,0,0,0,0,0,0,0,0,0,0,0,0,0,0,0,0,0,0,0,0,0,254155.60272299999,Hawaii Island Interior,Hawaii Island,0,Unranked,,0.00000000000,
276963.113,97.900,0,0,0,0,0,0,0,0,0,0,0,0,0,0,0,0,0,0,0,0,0,0,0,0,0,0,0,0,0,0,0,0,0,0,0,0,0,0,0,0,0,0,276963.11342000001,Hawaii Island Interior,Hawaii Island,0,Unranked,,0.00000000000,
382697.498,181.730,0,0,0,0,0,0,0,0,0,0,0,0,0,0,0,0,0,0,0,0,0,0,0,0,0,0,0,0,0,0,0,0,0,0,0,0,0,0,0,0,0,0,382697.49833400000,,Hawaii Island,0,Unranked,,0.00000000000,
3543.359,14.346,3,3,3,1,2,1,1,2,2,2,2,22,1,2,2,2,2,9,1,2,2,3,1,9,2,1,2,1,1,2,9,1,0,1,1,1,2,1,2,2,12,0,3543.35920267000,Wainaku/Kaiwiki,Hawaii Island,1,Very Low,,16.00000000000,49
4194.853,11.914,2,2,3,1,2,1,1,1,2,2,2,19,1,2,2,2,2,9,1,2,2,3,1,9,2,1,2,1,1,2,9,1,0,1,2,1,2,1,2,2,13,0,4194.85340413000,Papaikou,Hawaii Island,1,Very Low,,16.00000000000,47
1295.669,5.944,1,2,2,1,2,1,1,1,1,2,2,16,1,2,1,2,2,8,1,2,2,3,1,9,2,1,2,1,1,2,9,1,0,1,2,1,2,1,2,2,13,0,1295.66939809000,Pepeekeo,Hawaii Island,1,Very Low,,16.00000000000,44
3361.542,12.350,3,2,2,2,3,2,1,1,2,2,2,22,1,2,2,1,1,7,1,2,3,3,2,11,3,3,1,2,1,3,13,2,0,3,1,1,2,1,2,2,15,0,3361.54219863000,Captain Cook Mauka,Hawaii Island,1,Very Low,,16.00000000000,53
5687.219,16.901,3,2,2,2,2,1,2,1,2,2,2,21,2,3,2,2,2,11,1,2,3,3,1,10,2,3,1,3,2,3,15,1,0,1,1,1,2,1,2,2,12,0,5687.21873322000,Captain Cook Makai,Hawaii Island,1,Moderate,,16.00000000000,57
2649.927,10.125,2,2,3,1,2,2,2,2,3,2,2,23,2,3,2,2,2,11,1,2,3,3,2,11,3,3,1,3,3,2,15,2,0,1,2,1,2,1,2,2,14,0,2649.92659849000,Honaunau Makai,Hawaii Island,1,High,,16.00000000000,62
1440.790,6.563,3,3,2,2,3,2,1,1,2,2,2,23,1,2,2,2,1,8,1,2,3,3,2,11,3,3,1,2,1,3,13,2,0,1,1,1,2,1,2,2,13,0,1440.79000789000,Honaunau Mauka,Hawaii Island,1,Very Low,,16.00000000000,53
720.292,5.579,3,1,1,1,1,1,2,1,1,1,2,15,3,1,2,2,1,9,2,1,2,1,1,7,1,6,3,3,3,2,18,1,0,1,1,1,2,3,2,2,14,0,720.29182303100,Mauna Lani,Hawaii Island,1,High,,40.00000000000,62
1050.819,8.288,3,1,1,1,1,1,2,1,1,1,2,15,2,2,2,1,1,8,1,1,1,1,1,5,1,6,3,3,3,1,17,1,0,1,1,1,2,3,2,2,14,0,1050.81866381000,Waikoloa Resort,Hawaii Island,1,High,,40.00000000000,62
3476.435,10.490,3,1,1,1,1,1,2,1,1,1,1,14,2,2,2,1,1,8,1,1,1,1,1,5,1,4,2,2,1,2,12,1,0,1,2,1,2,3,2,2,15,0,3476.43471680000,Hualalai/Kukio,Hawaii Island,1,High,,30.00000000000,62
3601.420,11.934,2,2,1,1,2,1,3,2,2,2,3,21,3,3,2,2,2,12,1,2,3,3,2,11,3,4,2,3,2,2,16,1,0,1,1,1,2,3,2,2,14,0,3601.41985447000,Kalaoa Makai,Hawaii Island,1,Extreme,,30.00000000000,68
7774.448,14.353,2,2,1,1,2,1,3,2,2,2,3,21,3,3,2,2,2,12,1,2,3,3,2,11,3,3,2,2,3,3,16,1,0,3,1,1,2,3,2,2,16,0,7774.44778873000,Kalaoa Mauka,Hawaii Island,1,Extreme,,30.00000000000,56
698.695,4.462,3,3,3,2,2,2,1,1,2,2,3,24,2,2,2,2,2,10,3,3,3,3,1,13,3,2,3,1,1,3,13,1,0,2,2,2,2,3,2,2,16,0,698.69497270200,Puu O Hoku,Molokai,1,High,,10.00000000000,67
391.988,4.185,3,3,3,3,3,2,1,1,2,2,3,26,1,2,2,2,2,9,1,2,2,2,2,9,3,2,3,1,1,3,13,3,3,3,3,2,2,3,3,3,25,0,391.98780811100,Halawa,Molokai,1,Moderate,,10.00000000000,63
32746.517,46.979,0,0,0,0,0,0,0,0,0,0,0,0,0,0,0,0,0,0,0,0,0,0,0,0,0,0,0,0,0,0,0,0,0,0,0,0,0,0,0,0,0,0,32746.51659140000,Molokai Zone 2,Molokai,0,Unranked,,0.00000000000,
2841.781,11.571,3,3,2,2,2,2,1,2,1,2,1,21,1,2,1,1,2,7,2,3,3,3,2,13,2,3,3,3,1,2,14,1,0,2,1,2,2,2,2,2,14,0,2841.78134957000,Kalaupapa,Molokai,1,High,,10.00000000000,66
5211.228,12.590,3,2,2,1,2,1,1,1,2,2,2,19,2,3,2,2,2,11,2,2,3,3,1,11,2,4,4,2,2,2,16,1,0,1,1,2,2,3,2,2,14,0,5211.22802110000,Kalae,Molokai,1,Fair-low,,10.00000000000,61
10719.134,18.248,2,3,2,2,2,2,1,2,3,2,3,24,3,2,2,2,2,11,2,3,3,3,2,13,2,4,4,2,2,2,16,1,0,1,1,2,2,3,2,2,14,0,10719.13430670000,Hoolehua,Molokai,1,Extreme,,40.00000000000,73
11353.580,21.406,2,2,1,1,2,2,1,1,2,2,3,19,3,2,3,2,1,11,1,2,3,3,3,12,2,6,4,3,3,3,21,1,0,2,3,2,2,3,2,2,17,0,11353.58035820000,Kaluakoi,Molokai,1,Extreme,,40.00000000000,72
951.185,4.911,2,1,2,1,1,1,2,1,2,2,3,18,3,2,2,1,2,10,2,2,3,3,2,12,2,6,4,3,3,3,21,1,0,2,3,2,2,3,2,2,17,0,951.18531794500,Mauna Loa,Molokai,1,Extreme,,40.00000000000,70
1779.265,7.638,1,2,2,1,2,2,1,2,3,3,3,22,3,3,3,2,3,14,2,3,2,3,3,13,2,5,3,3,1,1,15,1,0,1,1,2,2,3,2,2,14,0,1779.26530691000,Kalamaula,Molokai,1,Extreme,,40.00000000000,74
2293.877,10.304,1,2,2,1,2,1,2,2,2,2,2,19,3,2,1,2,2,10,2,3,3,3,3,14,2,6,3,3,3,1,18,1,0,1,1,2,2,3,2,2,14,0,2293.87697112000,Kaunakakai,Molokai,1,Extreme,,40.00000000000,69
1996.928,8.583,2,2,2,1,3,1,1,1,3,2,2,20,3,2,3,2,2,12,1,2,3,3,2,11,3,5,2,3,3,3,19,1,0,1,1,2,2,3,2,2,14,0,1996.92836984000,Kawela,Molokai,1,Extreme,,40.00000000000,69
5014.477,20.791,2,2,3,1,2,2,1,2,2,2,2,21,2,2,2,2,1,9,1,2,3,3,2,11,3,4,2,3,2,3,17,1,0,2,2,2,2,3,2,2,16,0,5014.47696543000,Kamalo,Molokai,1,Fair-low,,30.00000000000,61
143.574,1.955,3,3,3,3,3,2,1,2,3,3,3,29,3,3,3,3,2,19,1,2,2,3,2,10,3,3,3,2,1,3,15,2,0,3,3,2,2,2,1,2,17,0,143.57369480700,Kahakuloa,Maui,1,Extreme,,40.00000000000,75
42057.523,41.080,3,1,1,1,2,2,1,1,2,2,3,19,2,2,2,2,3,11,1,1,1,3,1,7,3,3,4,3,3,3,19,3,0,2,2,2,3,3,3,3,21,0,42057.52347570000,North Lanai,Lanai,1,Unranked,,0.00000000000,
20255.633,31.118,3,1,1,1,2,1,1,1,1,1,3,16,3,2,2,2,1,10,1,1,1,2,1,6,3,6,4,3,3,3,22,1,0,1,1,2,3,3,3,3,17,0,20255.63291850000,South Lanai,Lanai,1,Unranked,,0.00000000000,0
829.495,6.077,2,2,2,1,2,1,2,1,1,1,2,17,2,1,1,1,1,6,1,2,2,3,2,10,3,6,3,3,3,3,21,1,0,1,1,2,3,3,3,3,17,0,829.49515662900,Manele,Lanai,1,Moderate,,33.00000000000,66
1579.183,6.114,2,2,2,1,2,1,2,1,1,1,2,17,2,1,1,1,1,6,1,2,2,3,2,10,2,4,2,1,1,2,12,1,0,1,1,2,3,3,3,3,17,0,1579.18339031000,Lanai City,Lanai,1,Low,,33.00000000000,60
25570.999,26.757,0,0,0,0,0,0,0,0,0,0,0,0,0,0,0,0,0,0,0,0,0,0,0,0,0,0,0,0,0,0,0,0,0,0,0,0,0,0,0,0,0,0,25570.99851640000,Lanai Zone 2,Lanai,0,Unranked,,0.00000000000,
281.633,2.641,3,2,2,3,2,3,1,1,2,2,3,24,3,2,1,1,1,8,1,2,2,3,2,10,2,3,1,2,1,2,11,3,0,1,2,1,2,3,2,2,17,0,281.63262433600,Kapapala,Hawaii Island,1,High,,30.00000000000,64
1470.665,5.724,2,1,2,1,1,2,1,1,3,2,3,19,2,2,2,1,1,8,1,2,2,3,1,9,1,3,1,2,1,1,9,2,0,1,1,1,2,3,2,2,15,0,1470.66547424000,Wood Valley,Hawaii Island,1,Low,,30.00000000000,54
852.857,4.359,1,1,1,1,1,1,2,2,2,2,3,17,3,2,2,2,2,11,1,2,2,3,2,10,1,4,2,3,2,1,14,1,0,1,1,1,2,3,2,2,14,0,852.85706065400,Pahala,Hawaii Island,1,High,,40.00000000000,64
582.889,4.866,2,2,2,1,2,2,2,1,3,1,3,21,3,3,3,2,2,13,3,2,2,1,1,9,2,4,3,3,3,2,17,1,0,1,1,1,2,3,2,2,14,0,582.88934967800,Punaluu,Hawaii Island,1,Extreme,,40.00000000000,68
5089.504,13.157,2,1,2,1,2,1,2,2,2,2,3,20,3,2,2,2,2,11,1,2,2,3,2,10,2,3,2,2,1,2,12,1,0,2,2,1,2,3,2,2,16,0,5089.50385901000,Naalehu,Hawaii Island,1,Extreme,,30.00000000000,66
2201.273,7.905,2,2,1,2,2,1,1,1,3,2,3,20,3,3,3,3,2,14,1,2,2,3,2,10,2,4,2,3,2,2,15,2,0,2,2,1,2,3,2,2,17,0,2201.27333113000,Discovery Harbor,Hawaii Island,1,Extreme,,30.00000000000,72
3637.480,10.562,2,1,2,1,2,2,1,1,3,2,3,20,2,3,2,2,2,11,2,2,2,3,2,11,2,3,2,2,2,3,14,1,0,2,3,1,2,3,2,2,17,0,3637.47976147000,Waiohinu,Hawaii Island,1,Very High,,16.00000000000,64
8109.243,18.467,2,2,3,2,2,2,1,1,3,1,3,22,3,2,2,3,1,11,1,2,1,3,1,8,2,5,3,3,3,3,19,3,0,2,2,1,2,3,2,2,18,0,8109.24335036000,South Point,Hawaii Island,1,Extreme,,40.00000000000,70
15507.211,19.667,1,1,2,1,2,1,2,1,3,3,3,20,3,2,2,2,3,12,2,2,2,3,2,11,3,4,2,3,3,3,18,3,0,1,1,1,2,1,2,2,14,0,15507.21081220000,Hawaiian Ocean View Estates,Hawaii Island,1,Extreme,,16.00000000000,71
9844.796,15.956,1,1,2,1,2,1,2,1,2,2,3,18,2,2,1,1,2,8,2,2,2,3,2,11,3,5,3,3,3,3,20,3,0,1,1,1,2,3,2,2,16,0,9844.79638461000,Rancho Estates,Hawaii Island,1,Extreme,,16.00000000000,69
18862.067,30.071,3,2,2,2,3,2,1,1,2,2,3,23,2,2,2,2,1,9,1,2,2,3,2,10,3,4,1,2,2,2,14,3,0,2,3,1,2,1,2,2,17,0,18862.06672330000,Honomalino,Hawaii Island,1,Very High,,16.00000000000,64
2510.223,8.420,3,2,3,2,3,2,1,1,1,1,1,20,1,2,1,1,1,6,1,3,2,3,2,11,3,4,1,2,2,2,14,3,0,2,3,1,2,1,2,2,17,0,2510.22339633000,Milolii,Hawaii Island,1,High,,16.00000000000,63
17027.057,33.954,3,2,2,2,3,2,1,1,3,2,3,24,2,2,2,2,2,10,1,2,2,3,2,10,3,4,1,2,2,2,14,3,0,2,3,1,2,1,2,2,17,0,17027.05656870000,Hookena,Hawaii Island,1,Extreme,,16.00000000000,62
2155.978,8.852,2,3,2,2,2,1,2,2,2,2,2,22,3,2,2,2,2,11,1,2,2,3,2,10,3,4,1,3,2,3,16,2,0,1,2,1,2,1,2,2,14,0,2155.97755552000,Kealakekua Makai,Hawaii Island,1,High,,30.00000000000,62
1648.137,7.427,2,2,2,1,2,1,2,2,2,2,2,20,3,2,3,2,2,12,1,2,2,3,2,10,3,4,1,3,2,2,15,1,0,1,1,1,2,1,2,2,12,0,1648.13704310000,Kainaliu Makai,Hawaii Island,1,Moderate,,30.00000000000,61
2924.503,9.735,1,1,1,1,1,1,2,1,2,1,2,14,2,2,2,2,1,9,2,1,1,2,1,7,3,4,1,3,2,1,14,1,0,1,1,1,2,2,2,2,13,0,2924.50285737000,Keauhou Makai,Hawaii Island,1,Moderate,,30.00000000000,59
15356.859,32.113,2,1,2,1,2,1,3,2,3,2,2,21,3,2,3,2,1,11,1,2,2,2,2,9,2,4,1,3,3,2,15,1,0,1,1,1,2,2,2,2,13,0,15356.85900890000,Kailua Kona,Hawaii Island,1,Very High,,40.00000000000,64
6790.796,15.487,2,2,2,1,2,1,1,2,2,1,2,18,2,2,2,1,2,9,1,2,2,2,2,9,3,4,1,2,1,3,14,2,0,1,2,1,2,3,2,2,16,0,6790.79618062000,Holualoa,Hawaii Island,1,Low,,16.00000000000,55
3653.027,12.201,1,1,2,1,2,1,1,2,3,2,3,19,3,2,2,2,2,11,1,2,2,2,2,9,3,4,2,3,2,2,16,1,0,3,2,1,2,3,2,2,17,0,3653.02706373000,Kaloko Makai,Hawaii Island,1,Very High,,16.00000000000,65
70.179,1.383,0,0,0,0,0,0,0,0,0,0,0,0,0,0,0,0,0,0,0,0,0,0,0,0,1,3,2,2,1,1,10,1,0,1,1,1,2,3,2,2,14,0,70.17901560100,Kilauea Military Camp,Hawaii Island,1,Very High,,37.00000000000,
4296.811,11.358,3,2,2,1,2,1,1,1,2,2,3,20,2,3,2,1,2,10,1,2,2,3,2,10,1,4,2,3,1,2,13,3,0,2,3,1,2,3,2,2,19,0,4296.81056100000,Kalapana,Hawaii Island,1,Very High,,30.00000000000,63
5679.871,13.940,3,2,2,1,2,1,1,1,2,2,3,20,2,3,2,1,2,10,1,2,2,3,2,10,2,4,2,2,2,2,14,3,0,2,3,1,2,3,2,2,19,0,5679.87141934000,Opihikau-Pohoiki,Hawaii Island,1,High,,30.00000000000,60
712.609,4.256,2,2,2,3,2,2,1,1,2,2,3,22,1,2,2,2,2,9,1,2,2,3,2,10,1,4,2,2,2,2,13,3,0,1,3,1,2,3,2,2,18,0,712.60906889800,Blacksands Subdivision,Hawaii Island,1,Low,,30.00000000000,54
1448.418,7.027,1,1,2,1,2,1,1,1,2,2,3,17,2,2,2,2,2,10,1,2,2,3,2,10,1,3,1,2,1,1,9,3,0,2,3,1,2,3,2,2,19,0,1448.41831571000,Kahena,Hawaii Island,1,High,,30.00000000000,58
5381.214,12.209,1,1,2,1,1,1,1,1,2,2,3,16,1,2,2,2,2,9,1,2,2,3,2,10,2,2,1,2,1,1,9,3,0,1,2,1,2,1,2,2,15,0,5381.21381624000,Leilani Estates,Hawaii Island,1,Very Low,,30.00000000000,47
2152.537,9.483,2,2,2,2,2,1,1,1,2,2,3,20,1,2,2,1,2,8,1,2,2,3,2,10,1,3,2,2,2,1,11,3,0,2,3,1,2,3,2,2,19,0,2152.53699838000,Kapoho,Hawaii Island,1,High,,16.00000000000,61
2909.216,8.486,1,2,2,2,2,1,1,1,2,2,2,18,1,3,2,2,2,10,1,2,2,3,2,10,1,2,1,1,1,1,7,3,0,1,2,1,2,1,2,2,15,0,2909.21584636000,Nanawale,Hawaii Island,1,Very Low,,16.00000000000,53
4038.170,9.574,1,2,2,1,2,1,2,1,1,2,2,17,1,2,1,1,2,7,1,2,2,3,2,10,1,1,1,1,1,1,6,1,0,1,1,1,2,3,2,2,14,0,4038.16954544000,Pahoa,Hawaii Island,1,Very Low,,16.00000000000,47
803.629,5.579,3,2,2,3,3,2,1,1,2,2,3,24,1,2,2,2,2,9,1,2,2,3,2,10,1,2,1,1,1,1,7,3,0,2,2,1,2,3,2,2,18,0,803.62944174700,Waa Waa,Hawaii Island,1,Moderate,,30.00000000000,58
2808.181,9.956,2,2,2,1,2,1,2,1,2,2,2,19,2,2,2,2,2,10,1,2,2,3,2,10,2,2,1,2,2,1,10,3,0,1,1,1,2,3,2,2,16,0,2808.18143888000,Hawaiian Beaches,Hawaii Island,1,Very Low,,40.00000000000,50
2124.501,7.391,2,1,2,1,2,1,2,1,2,2,2,18,1,2,2,2,2,9,1,2,2,3,2,10,1,2,2,2,2,1,10,3,0,1,1,1,2,3,2,2,16,0,2124.50111635000,Makuu,Hawaii Island,1,Very Low,,30.00000000000,49
6547.587,14.474,0,0,0,0,0,0,0,0,0,0,0,0,0,0,0,0,0,0,0,0,0,0,0,0,1,2,2,2,2,1,10,3,0,1,1,1,2,3,2,2,16,0,6547.58661285000,Makuu,Hawaii Island,1,Very Low,,0.00000000000,49
10058.224,16.918,1,2,1,1,1,1,1,1,2,2,3,16,1,2,2,2,2,9,1,2,2,3,2,10,2,2,2,2,2,1,11,3,0,1,1,1,2,1,2,2,14,0,10058.22446010000,Paradise Park,Hawaii Island,1,Very Low,,30.00000000000,49
3508.596,9.765,2,2,2,2,2,2,2,2,2,3,2,23,1,2,2,2,2,9,1,2,2,3,2,11,1,1,1,2,3,1,9,3,0,1,1,1,2,3,2,2,16,0,3508.59649794000,Ainaloa,Hawaii Island,1,Low,,30.00000000000,54
23089.943,30.779,2,1,2,1,2,1,2,1,2,2,2,18,1,2,2,1,2,8,1,2,2,3,2,10,1,2,2,1,1,1,8,1,0,1,2,1,2,3,2,2,15,0,23089.94303380000,Kurtistown,Hawaii Island,1,Very Low,,16.00000000000,49
25450.121,27.307,2,1,2,1,2,1,2,1,2,2,2,18,1,2,1,1,1,6,1,2,2,3,2,10,1,2,1,1,1,1,7,1,0,1,2,1,2,3,2,2,15,0,25450.12096590000,Mountain View,Hawaii Island,1,Very Low,,16.00000000000,45
28999.701,27.771,2,3,2,3,2,3,3,1,1,1,3,24,1,3,2,2,2,10,2,2,2,3,1,10,1,1,1,1,1,1,6,3,0,1,2,1,2,3,2,2,17,0,28999.70139630000,Glenwood,Hawaii Island,1,Low,,16.00000000000,53
7823.198,16.661,3,1,1,1,2,2,1,1,2,1,3,18,2,2,1,1,1,7,1,1,1,3,1,7,2,3,1,1,1,1,9,3,0,2,3,1,2,1,2,2,17,0,7823.19843746000,Kulani,Hawaii Island,1,Low,,16.00000000000,44
5192.920,12.143,2,1,2,1,2,1,2,1,2,2,2,18,1,2,2,1,2,8,1,2,2,3,2,10,1,2,2,1,3,1,10,1,0,1,1,1,2,3,2,2,14,0,5192.92042570000,Keaau,Hawaii Island,1,Very Low,,16.00000000000,49
14819.960,29.159,0,0,0,0,0,0,0,0,0,0,0,0,0,0,0,0,0,0,0,0,0,0,0,0,0,0,0,0,0,0,0,0,0,0,0,0,0,0,0,0,0,0,14819.96026030000,,Hawaii Island,0,Unranked,,0.00000000000,
44244.010,45.079,2,1,1,1,1,1,3,2,1,2,1,16,2,1,1,1,2,7,1,2,2,3,1,9,2,1,2,1,1,1,8,1,0,1,1,1,2,1,2,2,12,0,44244.01031680000,Hilo,Hawaii Island,1,Very Low,,16.00000000000,46
292.791,2.715,2,2,2,2,2,3,2,2,3,1,3,24,3,3,3,3,1,13,2,2,2,3,1,10,1,4,2,3,2,3,15,3,0,2,3,1,2,3,2,2,19,0,292.79093838200,Puu Waa Waa,Hawaii Island,1,Extreme,,40.00000000000,72
1595.057,6.121,2,1,2,1,2,1,2,1,3,2,3,20,3,2,3,2,2,12,2,2,2,2,2,10,2,4,2,3,2,2,15,3,0,2,3,1,2,3,2,2,19,0,1595.05706298000,Puu Anahulu,Hawaii Island,1,Extreme,,40.00000000000,69
1803.559,6.840,1,1,1,1,2,1,2,1,2,1,3,16,3,1,2,2,1,9,1,2,1,1,1,6,2,5,3,3,3,1,17,1,0,1,1,1,2,1,2,1,11,0,1803.55948700000,Waikoloa Village,Hawaii Island,1,Very High,,40.00000000000,63
3433.605,9.732,1,1,2,1,1,1,1,1,2,1,3,17,2,1,2,1,2,8,1,2,2,3,2,10,2,4,2,2,2,2,14,2,0,2,3,1,2,1,2,1,15,0,3433.60532206000,Waikii,Hawaii Island,1,Very High,,40.00000000000,63
257.073,4.279,2,3,3,1,3,2,3,2,2,1,2,24,3,2,2,2,2,11,2,2,2,3,1,10,1,6,3,3,3,2,18,2,0,1,1,1,2,1,2,1,12,0,257.07251160000,Wailea Bay,Hawaii Island,1,Very High,,40.00000000000,71
1494.205,7.329,3,1,2,1,2,2,2,1,2,1,2,19,3,2,2,2,2,11,1,1,1,1,1,5,2,6,3,3,3,2,19,1,0,1,1,1,2,2,2,2,13,0,1494.20484271000,Hapuna-Mauna Kea,Hawaii Island,1,Very High,,40.00000000000,65
967.723,10.205,2,1,1,1,2,2,2,1,3,1,3,19,3,1,2,2,2,10,1,2,2,3,2,10,2,6,3,3,3,3,20,1,0,1,2,1,2,1,2,2,13,0,967.72339362500,Kawaihae,Hawaii Island,1,Extreme,,40.00000000000,70
540.513,4.101,3,1,1,1,2,1,1,1,2,1,3,17,3,1,2,2,2,10,1,1,1,2,1,6,3,6,3,3,3,3,21,3,0,1,2,1,2,1,2,2,15,0,540.51333069800,Kohala Estates,Hawaii Island,1,Extreme,,40.00000000000,67
27756.972,36.318,0,0,0,0,0,0,0,0,0,0,0,0,0,0,0,0,0,0,0,0,0,0,0,0,0,0,0,0,0,0,0,0,0,0,0,0,0,0,0,0,0,0,27756.97154990000,Hawaii Island Interior,Hawaii Island,0,Unranked,,0.00000000000,
3422.105,11.459,3,1,1,1,2,1,1,1,2,1,3,17,2,2,2,2,2,10,1,2,2,3,2,10,3,4,3,3,2,3,18,1,0,1,2,1,2,1,1,1,11,0,3422.10480692000,Kohala Ranch Mauka,Hawaii Island,1,Low,,40.00000000000,56
7351.016,16.336,2,1,2,1,2,1,1,1,3,1,3,18,2,3,2,2,1,10,1,2,2,2,1,8,2,2,3,2,2,3,14,2,0,1,1,1,2,1,2,2,13,0,7351.01590020000,Hawi,Hawaii Island,1,Low,,16.00000000000,57
4485.371,23.484,0,0,0,0,0,0,0,0,0,0,0,0,0,0,0,0,0,0,0,0,0,0,0,0,0,0,0,0,0,0,0,0,0,0,0,0,0,0,0,0,0,0,4485.37142891000,,Hawaii Island,0,Unranked,,0.00000000000,
5240.559,16.189,2,1,2,1,2,1,2,1,2,2,3,19,1,3,2,1,2,9,1,2,2,3,2,10,2,1,3,1,2,3,12,2,0,1,1,1,2,1,2,2,13,0,5240.55943543000,Kapaau,Hawaii Island,1,Very Low,,16.00000000000,55
3046.654,15.205,2,1,2,1,2,1,2,1,3,2,3,20,3,2,2,2,2,11,1,3,2,3,1,10,3,6,3,3,3,3,21,3,0,1,2,1,2,1,2,2,15,0,3046.65386840000,Kawaihae Rd. Subdivisions,Hawaii Island,1,Extreme,,40.00000000000,66
15249.303,24.962,0,0,0,0,0,0,0,0,0,0,0,0,0,0,0,0,0,0,0,0,0,0,0,0,0,0,0,0,0,0,0,0,0,0,0,0,0,0,0,0,0,0,15249.30337300000,Hawaii Island Interior,Hawaii Island,0,Unranked,,0.00000000000,
9565.283,19.150,2,1,1,1,2,1,2,2,3,2,3,20,2,2,2,2,2,10,1,2,2,3,1,9,1,2,3,1,1,2,10,1,0,1,1,1,2,1,2,2,12,0,9565.28311793000,Waimea East,Hawaii Island,1,Extreme,,40.00000000000,57
1388.047,6.721,2,1,1,1,2,1,2,2,2,2,3,19,3,2,2,2,2,11,1,2,2,3,1,9,1,5,3,3,3,3,18,1,0,1,1,1,2,1,2,2,12,0,1388.04672522000,Waimea West,Hawaii Island,1,Extreme,,40.00000000000,66
2173.027,8.127,3,3,3,3,3,2,1,1,2,2,3,26,1,2,2,1,2,8,1,1,2,2,1,7,1,2,2,1,1,3,10,3,0,3,2,1,2,3,2,2,19,0,2173.02671039000,Waipio,Hawaii Island,1,Extreme,,16.00000000000,70
3952.132,9.932,0,2,2,1,2,1,1,1,3,2,3,20,2,2,2,2,2,10,1,2,2,3,2,10,2,2,2,1,1,2,10,2,0,1,1,1,2,1,2,2,13,0,3952.13242946000,Ahualoa,Hawaii Island,1,Very Low,,16.00000000000,53
2400.098,9.092,1,1,2,1,2,1,2,1,2,2,2,17,2,1,1,1,2,7,1,2,2,3,2,10,2,3,3,2,1,3,14,1,0,1,1,1,2,1,2,2,12,0,2400.09791960000,Honokaa,Hawaii Island,1,Very Low,,16.00000000000,53
838.665,4.484,2,2,2,1,3,1,3,2,3,2,3,24,2,3,2,2,2,11,1,3,2,3,2,11,2,3,3,2,2,1,13,1,0,1,1,1,2,1,2,2,12,0,838.66486412600,Paauhau,Hawaii Island,1,High,,30.00000000000,63
2232.373,8.242,2,2,2,1,2,2,1,1,3,1,3,20,1,3,2,2,2,10,1,2,2,3,1,9,3,2,2,2,1,3,13,2,0,1,2,1,2,1,2,2,14,0,2232.37298160000,Kalopa,Hawaii Island,1,Moderate,,16.00000000000,58
9354.301,16.977,2,2,2,1,2,1,2,2,2,2,3,21,3,2,3,2,2,12,1,3,2,3,3,12,3,3,3,2,2,3,16,1,0,1,2,1,2,1,2,2,13,0,9354.30143088000,Paauilo,Hawaii Island,1,High,,30.00000000000,63
1000.159,5.293,2,2,2,1,3,2,2,1,2,2,3,22,2,2,3,3,2,12,1,2,2,3,2,10,1,3,3,2,2,2,13,1,0,1,3,1,2,1,2,2,14,0,1000.15902103000,Kukaiau,Hawaii Island,1,High,,30.00000000000,62
462.313,4.693,2,2,3,1,2,1,2,1,2,2,3,21,2,2,3,2,2,11,1,2,2,3,2,10,1,3,3,2,2,2,13,1,0,1,2,1,2,1,2,2,13,0,462.31289000200,Ookala,Hawaii Island,1,Moderate,,30.00000000000,58
819.194,4.849,3,3,3,1,3,2,1,1,2,2,3,24,2,2,2,2,2,10,1,2,2,3,2,10,2,2,3,2,2,2,13,2,0,1,2,1,2,1,2,2,14,0,819.19402319900,Waipunalei,Hawaii Island,1,Moderate,,30.00000000000,60
6686.939,13.745,2,2,2,1,2,1,2,2,2,2,2,20,1,2,2,2,2,9,1,2,2,3,2,10,2,2,3,2,2,2,13,1,0,1,1,1,2,1,2,2,12,0,6686.93913839000,Laupahoehoe,Hawaii Island,1,Very Low,,16.00000000000,53
600.095,4.763,2,2,3,1,2,2,1,1,2,2,2,20,1,2,2,2,2,9,1,2,2,3,2,10,1,2,3,2,1,2,11,2,0,1,2,1,2,1,2,2,14,0,600.09452180200,Ninoole,Hawaii Island,1,Very Low,,16.00000000000,52
537.390,4.623,2,2,2,1,2,1,2,1,2,2,2,19,1,2,2,2,1,8,1,2,2,3,2,10,2,1,2,1,1,2,9,2,0,2,3,1,2,1,2,2,16,0,537.39017787700,Umauma,Hawaii Island,1,Very Low,,16.00000000000,52
3799.662,10.871,2,2,2,1,2,1,1,1,2,2,2,18,1,2,2,2,1,8,1,2,2,3,2,10,2,1,2,1,1,2,9,1,0,1,3,1,2,1,2,2,14,0,3799.66177157000,Hakalau,Hawaii Island,1,Very Low,,16.00000000000,52
461.323,3.766,2,2,2,2,2,1,1,2,2,2,2,20,1,2,2,2,2,9,1,2,2,3,2,10,2,1,2,1,1,2,9,1,0,1,3,1,2,1,2,2,14,0,461.32287210000,Honomu,Hawaii Island,1,Very Low,,16.00000000000,54
458.848,3.529,2,1,2,1,2,2,2,1,3,1,3,20,3,1,2,2,1,9,1,1,1,3,1,7,1,6,3,3,1,1,15,3,0,3,3,1,2,2,2,2,19,0,458.84776751300,Pohakuloa,Hawaii Island,1,Extreme,,40.00000000000,68
393.424,2.871,2,1,1,2,1,2,2,1,3,2,3,20,3,2,2,2,2,11,1,2,2,3,1,9,3,2,2,2,2,2,13,3,0,3,3,1,2,3,2,2,20,0,393.42372292200,Haleopohaku,Hawaii Island,1,Very High,,30.00000000000,64
4406.438,14.722,2,3,3,1,3,2,1,1,2,2,3,23,1,2,2,2,2,9,1,3,3,3,2,12,1,2,1,1,1,1,7,2,0,1,1,1,2,1,2,2,13,0,4406.43796715000,Volcano Village,Hawaii Island,1,Low,,16.00000000000,51
6061.100,15.886,3,1,2,1,1,1,1,1,3,2,3,19,3,3,2,2,3,13,1,2,2,3,2,10,1,3,2,2,1,1,10,1,0,1,1,1,2,3,2,1,13,0,6061.09973510000,Volcano C.C.,Hawaii Island,1,High,,30.00000000000,61
3524.889,15.926,2,2,3,1,2,2,1,2,2,2,2,21,2,2,2,2,1,9,1,2,3,3,2,11,2,2,3,1,1,3,12,1,0,2,2,2,2,3,2,2,16,0,3524.88940973000,Wailua,Molokai,1,Med-low,,30.00000000000,63
317.621,2.905,2,2,3,1,2,1,2,2,1,2,3,21,3,2,2,1,2,10,1,2,2,3,2,10,2,2,3,2,2,3,14,1,0,1,1,2,2,2,1,2,12,0,317.62087004100,Waihee,Maui,1,High,,30.00000000000,61
2981.072,9.748,3,2,3,2,2,1,2,1,2,2,3,23,3,2,3,2,2,12,1,2,2,3,2,10,3,6,3,3,3,3,21,1,0,2,2,1,2,1,1,1,12,0,2981.07163259000,Kohala Ranch Makai,Hawaii Island,1,Extreme,,40.00000000000,71
526.615,5.328,2,2,2,1,2,1,3,1,2,2,3,21,2,3,3,2,2,12,2,2,3,2,2,11,1,6,3,3,3,1,17,1,0,1,1,1,2,1,1,1,10,0,526.61496929000,Puako,Hawaii Island,1,Extreme,,40.00000000000,71
3409.860,11.288,2,2,2,1,2,1,1,1,2,2,3,19,2,3,2,2,2,11,1,2,2,3,1,9,3,4,1,2,1,3,14,3,0,1,2,1,2,3,2,2,17,0,3409.85951862000,Kaloko Mauka,Hawaii Island,1,Low,,16.00000000000,58
2837.470,8.490,2,1,1,1,2,1,2,1,2,2,2,17,2,2,2,2,2,10,1,2,2,3,2,10,3,4,1,2,1,3,14,2,0,3,1,1,2,2,2,2,16,0,2837.47046599000,Keauhou Mauka,Hawaii Island,1,Moderate,,30.00000000000,60
694.345,4.440,2,2,2,1,2,1,2,2,2,2,2,20,2,2,2,2,1,9,1,2,2,3,2,10,3,4,1,2,1,3,14,2,0,1,1,1,2,1,2,2,13,0,694.34489616500,Kainaliu Mauka,Hawaii Island,1,Low,,30.00000000000,54
1339.046,6.071,2,3,2,2,2,1,2,2,2,2,2,22,2,1,2,2,2,9,1,2,2,3,2,10,3,4,1,2,1,3,14,2,0,3,1,1,2,1,2,2,15,0,1339.04581668000,Kealakekua Mauka,Hawaii Island,1,Low,,30.00000000000,56
960.909,5.677,2,2,2,1,2,2,1,2,2,2,3,21,2,3,2,1,2,10,1,2,2,3,2,10,1,3,3,2,1,2,12,1,0,1,2,1,2,1,2,2,13,0,960.90863458800,Kukuihaele,Hawaii Island,1,Moderate,,16.00000000000,57
1259.308,8.144,3,2,3,2,3,2,1,1,3,2,3,23,3,2,2,2,1,10,1,2,2,3,2,10,3,4,1,2,2,2,14,3,0,2,3,1,2,1,2,2,17,0,1259.30839164000,Papa Bay,Hawaii Island,1,High,,16.00000000000,66
592.211,6.552,2,2,1,1,2,2,1,1,3,2,3,20,3,2,3,3,3,14,1,2,2,3,2,10,3,4,3,3,3,3,19,2,0,2,2,1,1,3,3,3,17,0,592.37384596900,Makua-Keaau,Oahu,1,Extreme,Zone 1: Leeward Oahu,40.00000000000,62
2590.451,8.910,2,1,1,1,2,1,2,1,3,2,3,19,3,2,3,3,2,13,1,2,2,3,2,10,1,5,2,3,3,2,16,1,0,1,1,1,1,3,3,3,14,0,2584.80857021000,Makaha,Oahu,1,Extreme,Zone 1: Leeward Oahu,40.00000000000,61
3966.705,11.311,2,1,2,1,2,1,2,2,3,2,3,21,3,3,3,3,2,14,1,2,2,2,2,9,2,5,2,3,3,2,17,1,0,1,3,1,1,3,3,3,16,0,3927.60904128000,Waianae,Oahu,1,Extreme,Zone 1: Leeward Oahu,40.00000000000,63
1989.704,8.774,2,1,2,1,2,1,2,2,3,2,3,21,3,3,3,3,2,14,1,2,2,2,2,9,2,5,2,3,3,2,17,1,0,1,3,1,1,3,3,3,16,0,2001.30916030000,Waianae,Oahu,1,Extreme,Zone 1: Leeward Oahu,40.00000000000,63
3678.518,9.796,2,1,1,1,2,1,3,2,2,2,3,20,2,2,2,2,2,10,1,2,2,2,2,9,2,5,2,3,3,2,17,1,0,1,1,1,1,3,3,3,14,0,3701.11262520000,Maili,Oahu,1,Very High,Zone 1: Leeward Oahu,36.00000000000,59
2732.045,11.252,2,1,2,1,2,2,2,2,2,2,3,21,2,3,2,2,2,11,1,2,2,2,2,9,1,5,2,3,3,2,16,1,0,1,1,1,1,3,3,3,14,0,2736.40720693000,Nanakuli,Oahu,1,Very High,Zone 1: Leeward Oahu,36.00000000000,59
1206.380,6.925,2,1,2,1,2,1,2,1,1,2,2,17,2,2,2,1,1,8,1,2,2,2,1,8,1,5,2,3,2,1,14,1,0,1,1,1,1,3,3,3,14,0,974.25198280700,Honokai Hale/Koolina,Oahu,1,Moderate,Zone 1: Leeward Oahu,18.00000000000,49
1932.816,7.034,1,1,1,1,2,1,2,1,2,2,2,16,3,2,2,2,1,10,1,1,1,3,1,7,1,6,3,3,3,1,7,1,0,1,3,1,1,3,3,3,16,0,2384.05675210000,Barbers Point,Oahu,1,High,Zone 1: Leeward Oahu,30.00000000000,55
5227.825,14.671,1,1,1,1,2,1,3,1,2,2,2,17,2,2,2,2,1,9,1,1,2,2,2,8,1,6,3,3,3,1,17,1,0,1,3,1,1,3,3,3,16,0,5232.67846061000,Kapolei,Oahu,1,High,Zone 1: Leeward Oahu,30.00000000000,56
4079.130,11.350,1,1,1,1,2,1,2,2,2,2,2,17,2,2,2,2,2,10,1,1,2,2,2,8,1,6,3,3,3,1,17,1,0,1,1,1,1,3,3,3,14,0,4554.73961777000,Ewa,Oahu,1,High,Zone 1: Leeward Oahu,30.00000000000,57
208.936,2.504,2,1,1,1,2,1,2,2,2,2,2,18,1,2,2,2,1,8,1,1,2,1,2,7,1,6,3,3,3,1,17,1,0,1,1,1,1,3,3,3,14,0,208.27138933200,Honouliuli,Oahu,1,High,Zone 1: Leeward Oahu,26.00000000000,54
1049.532,7.502,2,1,1,1,2,1,3,1,1,2,2,17,2,2,2,1,2,9,1,1,2,2,2,8,3,5,3,3,2,3,19,1,0,1,1,1,1,3,3,3,15,0,1050.12283674000,Makakilo,Oahu,1,Very High,Zone 1: Leeward Oahu,36.00000000000,59
335.370,3.169,2,1,1,1,2,1,3,1,1,2,2,17,2,2,2,1,2,9,1,1,2,2,2,8,3,5,3,3,2,3,19,1,0,1,1,1,1,3,3,3,15,0,358.07392893900,Makakilo,Oahu,1,Very High,Zone 1: Leeward Oahu,36.00000000000,59
71.593,1.350,0,0,0,0,0,0,0,0,0,0,0,0,0,0,0,0,0,0,0,0,0,0,0,0,0,0,0,0,0,0,0,0,0,0,1,1,1,3,3,3,0,0,71.59346651070,Camp 6,Kauai,0,Extreme,,10.00000000000,74
0.000,0.000,0,0,0,0,0,0,0,0,0,0,0,0,0,0,0,0,0,0,0,0,0,0,0,0,0,0,0,0,0,0,0,0,0,0,1,1,1,3,3,3,0,0,261.98866615700,Huleia,Kauai,0,Moderate,,10.00000000000,62
0.000,0.000,0,0,0,0,0,0,0,0,0,0,0,0,0,0,0,0,0,0,0,0,0,0,0,0,0,0,0,0,0,0,0,0,0,0,1,1,1,3,3,3,0,0,1125.85875808000,Rice Ranch,Kauai,0,Moderate,,10.00000000000,62
352541.973,252.917,0,0,0,0,0,0,0,0,0,0,0,0,0,0,0,0,0,0,0,0,0,0,0,0,0,0,0,0,0,0,0,0,0,0,0,0,0,0,0,0,0,0,3503.67939770000,,Oahu,0,Unranked,non,0.00000000000,
352541.973,252.917,0,0,0,0,0,0,0,0,0,0,0,0,0,0,0,0,0,0,0,0,0,0,0,0,0,0,0,0,0,0,0,0,0,0,0,0,0,0,0,0,0,0,1913.41655258000,,Oahu,0,Unranked,non,0.00000000000,
352541.973,252.917,2,1,2,1,2,1,3,2,2,2,2,20,2,2,1,1,2,8,1,2,2,3,2,10,2,6,3,3,3,2,19,1,0,1,1,1,1,3,3,3,15,0,2020.98186227000,Waipahu,Oahu,1,Extreme,Zone 1: Leeward Oahu,40.00000000000,62
352541.973,252.917,2,1,2,1,2,1,3,2,2,2,2,20,2,2,1,1,2,8,1,2,2,3,2,10,2,6,3,3,3,2,19,1,0,1,1,1,1,3,3,3,15,0,2461.14948133000,Waikele,Oahu,1,Extreme,Zone 1: Leeward Oahu,40.00000000000,61
352541.973,252.917,2,1,1,1,2,1,3,2,1,2,2,18,2,2,1,1,2,8,1,2,2,3,2,10,2,3,2,2,2,1,12,1,0,1,1,1,1,3,3,3,15,0,5936.14407976000,Pearl City,Oahu,1,Extreme,Zone 2: North and Central Oahu,40.00000000000,63
0.000,0.000,0,0,0,0,0,0,0,0,0,0,0,0,0,0,0,0,0,0,0,0,0,0,0,0,0,0,0,0,0,0,0,0,0,0,0,1,1,3,3,3,0,0,662.51255343500,,Oahu,0,Unranked,non,0.00000000000,
352541.973,252.917,0,0,0,0,0,0,0,0,0,0,0,0,0,0,0,0,0,0,0,0,0,0,0,0,0,0,0,0,0,0,0,0,0,0,0,0,0,0,0,0,0,0,4345.54396179000,,Oahu,0,Unranked,non,0.00000000000,
352541.973,252.917,2,1,1,1,2,1,3,1,1,2,2,17,2,2,2,1,2,9,1,1,2,2,2,8,3,5,3,3,2,3,19,1,0,1,1,1,1,3,3,3,15,0,998.96306344900,Palehua,Oahu,1,Very High,Zone 1: Leeward Oahu,36.00000000000,59
352541.973,252.917,2,1,2,1,2,1,2,2,3,2,2,20,3,3,2,2,2,12,1,2,2,3,2,10,1,5,3,3,3,1,16,1,0,1,3,1,1,3,3,3,17,0,2738.42275089000,Waialua,Oahu,1,Extreme,Zone 2: North and Central Oahu,40.00000000000,60
352541.973,252.917,2,1,1,1,2,1,2,1,3,2,3,19,3,3,2,1,2,11,1,2,2,3,2,10,2,4,2,2,2,2,14,1,0,1,1,1,1,3,3,3,15,0,2226.95237192000,Pupukea,Oahu,1,High,Zone 2: North and Central Oahu,26.00000000000,55
352541.973,252.917,2,1,1,1,2,1,1,1,3,2,3,18,2,3,2,2,1,10,1,1,2,2,2,8,1,5,3,3,3,1,16,1,0,1,2,1,1,3,3,3,16,0,1358.40471221000,Kawela,Oahu,1,Very High,Zone 5: Windward Oahu,30.00000000000,55
352541.973,252.917,2,1,2,1,2,1,2,2,3,2,3,21,3,3,3,2,2,13,1,2,2,3,2,10,1,5,4,2,2,1,15,1,0,1,1,1,1,3,3,3,15,0,3430.60516385000,Kahuku,Oahu,1,Very High,Zone 5: Windward Oahu,30.00000000000,60
352541.973,252.917,2,1,1,1,2,1,2,2,2,2,2,18,2,2,2,2,2,10,1,2,2,3,2,10,1,4,3,2,1,1,12,1,0,1,1,1,1,3,3,3,15,0,2422.83824158000,Laie,Oahu,1,Moderate,Zone 5: Windward Oahu,18.00000000000,50
352541.973,252.917,2,1,2,1,2,1,2,2,2,2,2,19,2,2,1,1,2,8,1,2,2,3,2,10,1,2,3,1,1,1,9,1,0,1,1,1,1,3,3,3,15,0,1445.18204160000,Hauula,Oahu,1,Very Low,Zone 5: Windward Oahu,6.00000000000,43
352541.973,252.917,2,2,1,2,2,2,1,1,2,2,2,19,1,2,2,2,2,9,1,2,2,3,2,10,1,2,3,1,1,1,9,1,0,1,1,1,1,3,3,3,15,0,2748.56668935000,Punaluu,Oahu,1,Low,Zone 5: Windward Oahu,12.00000000000,44
352541.973,252.917,2,1,2,1,2,1,2,1,2,2,2,18,1,2,2,2,2,9,1,2,2,3,2,10,3,3,2,1,1,2,12,1,0,1,1,1,1,3,3,3,15,0,3447.62973655000,Kaaawa/Kahana,Oahu,1,Very Low,Zone 5: Windward Oahu,6.00000000000,44
352541.973,252.917,2,2,1,2,2,1,1,1,2,2,3,19,2,2,2,2,1,9,1,2,2,3,2,10,3,2,2,1,1,2,11,1,0,1,2,1,1,3,3,3,16,0,1901.42783535000,Kualoa,Oahu,1,Moderate,Zone 5: Windward Oahu,18.00000000000,49
352541.973,252.917,2,2,1,2,2,1,1,1,2,2,2,18,1,2,2,2,2,9,1,2,2,3,2,10,3,2,2,1,1,2,11,1,0,1,1,1,1,3,3,3,15,0,2116.68625617000,Waihole/Waikane,Oahu,1,Very Low,Zone 5: Windward Oahu,6.00000000000,44
352541.973,252.917,2,1,2,1,2,1,2,1,2,2,2,18,1,2,2,2,2,9,1,2,2,3,2,10,3,2,2,1,1,2,11,1,0,1,1,1,1,3,3,3,15,0,4340.62977776000,Kahaluu,Oahu,1,Low,Zone 5: Windward Oahu,12.00000000000,45
352541.973,252.917,2,1,2,1,2,1,3,2,2,2,2,20,3,2,2,2,2,11,1,2,2,3,2,10,2,5,3,3,3,2,18,1,0,2,1,2,1,3,3,3,17,0,505.20902449500,Kaneohe Makai,Oahu,1,Extreme,Zone 5: Windward Oahu,40.00000000000,63
352541.973,252.917,2,1,2,1,2,1,3,2,2,2,2,20,3,2,2,2,2,11,1,2,2,3,2,10,2,5,3,3,3,2,18,1,0,2,1,2,1,3,3,3,17,0,2148.57203070000,Kaneohe Makai,Oahu,1,Extreme,Zone 5: Windward Oahu,40.00000000000,63
352541.973,252.917,2,1,2,1,2,1,3,2,2,2,1,19,1,2,2,1,2,8,1,2,2,3,2,10,1,5,3,3,2,1,15,1,0,1,1,1,1,3,3,3,15,0,327.14830632400,Kailua,Oahu,1,High,Zone 5: Windward Oahu,26.00000000000,54
352541.973,252.917,0,0,0,0,0,0,0,0,0,0,0,0,0,0,0,0,0,0,0,0,0,0,0,0,0,0,0,0,0,0,0,0,0,0,0,0,0,0,0,0,0,0,2923.17692750000,,Oahu,0,Unranked,non,0.00000000000,
352541.973,252.917,2,1,2,1,2,1,3,2,2,2,1,19,1,2,2,1,2,8,1,2,2,3,2,10,1,5,3,3,2,1,15,1,0,1,1,1,1,3,3,3,15,0,1416.83849149000,Kailua,Oahu,1,High,Zone 5: Windward Oahu,26.00000000000,54
352541.973,252.917,2,1,1,1,2,1,3,1,2,1,2,17,2,2,2,1,2,9,1,2,2,3,2,10,1,4,3,3,2,1,14,1,0,1,1,1,1,3,3,3,15,0,708.95175585200,Lanikai,Oahu,1,Moderate,Zone 5: Windward Oahu,22.00000000000,52
352541.973,252.917,2,1,2,1,2,1,2,2,1,2,2,18,3,2,2,2,2,11,1,2,2,3,2,10,1,4,3,2,2,1,13,1,0,1,1,1,1,3,3,3,15,0,690.63861482400,Olomana,Oahu,1,Low,Zone 5: Windward Oahu,16.00000000000,53
352541.973,252.917,2,1,2,1,2,1,2,2,1,2,2,18,3,2,2,2,2,11,1,2,2,3,2,10,1,4,3,2,2,1,13,1,0,1,1,1,1,3,3,3,15,0,1908.14610216000,Keolu Hills,Oahu,1,Moderate,Zone 5: Windward Oahu,22.00000000000,53
352541.973,252.917,0,0,0,0,0,0,0,0,0,0,0,0,0,0,0,0,0,0,0,0,0,0,0,0,0,0,0,0,0,0,0,0,0,0,0,0,0,0,0,0,0,0,1416.66867710000,,Oahu,0,Unranked,non,0.00000000000,
352541.973,252.917,2,1,2,2,2,1,2,2,2,2,3,21,2,2,2,2,2,10,1,2,2,3,2,10,1,4,3,2,2,1,13,1,0,1,1,1,1,3,3,3,15,0,3896.61879135000,Waimanalo,Oahu,1,High,Zone 5: Windward Oahu,26.00000000000,53
352541.973,252.917,2,1,1,1,2,1,3,2,2,2,3,20,2,2,2,2,2,10,1,2,2,3,2,10,1,3,2,2,1,2,11,1,0,1,1,1,1,3,3,3,15,0,1047.08545285000,Maunawili,Oahu,1,Moderate,Zone 5: Windward Oahu,19.00000000000,49
352541.973,252.917,2,1,1,1,2,1,3,2,2,1,3,19,3,2,2,2,2,11,1,1,2,2,2,8,1,5,2,3,3,2,16,1,0,1,1,1,1,3,3,3,15,0,840.31037923800,Kalama Valley,Oahu,1,High,Zone 3: East Honolulu,21.00000000000,57
352541.973,252.917,2,1,1,2,2,1,1,1,3,2,3,19,3,2,2,3,2,12,1,2,2,3,2,10,3,5,3,3,3,3,20,1,0,1,1,1,1,3,3,3,15,0,1245.69520482000,Koko Head,Oahu,1,Extreme,Zone 3: East Honolulu,36.00000000000,67
352541.973,252.917,2,1,1,1,2,1,3,2,1,2,2,18,2,2,2,1,2,9,1,2,2,2,2,9,1,5,3,3,2,2,16,1,0,1,1,1,1,3,3,3,15,0,716.95300003400,Hawaii Kai,Oahu,1,High,Zone 3: East Honolulu,30.00000000000,55
352541.973,252.917,2,2,2,2,1,3,1,1,3,3,3,23,3,3,3,3,3,15,1,3,2,3,3,12,3,4,4,3,3,3,20,1,0,1,1,1,1,3,3,3,15,0,580.09033449000,Kamilonui Farm Lots,Oahu,1,High,Zone 3: East Honolulu,30.00000000000,58
352541.973,252.917,3,1,1,1,2,1,3,2,2,2,3,21,3,2,2,2,2,11,2,1,2,1,2,8,3,4,3,3,2,3,18,1,0,1,1,1,1,3,3,3,15,0,286.34495331500,Mariners Ridge,Oahu,1,Extreme,Zone 3: East Honolulu,36.00000000000,61
352541.973,252.917,2,1,1,1,2,1,3,2,2,1,3,19,3,2,2,3,2,12,1,1,2,2,2,8,2,4,2,3,3,2,16,1,0,1,1,1,1,3,3,3,15,0,490.60136451500,Hahaione Valley,Oahu,1,Very High,Zone 3: East Honolulu,34.00000000000,58
352541.973,252.917,2,1,1,1,2,1,3,2,1,2,2,18,2,2,2,1,2,9,1,2,2,2,2,9,1,5,3,3,2,2,16,1,0,1,1,1,1,3,3,3,15,0,511.03019484600,Hawaii Kai,Oahu,1,High,Zone 3: East Honolulu,30.00000000000,55
352541.973,252.917,2,1,1,1,2,1,3,2,1,1,3,18,3,2,2,2,2,11,1,2,2,3,2,10,1,5,2,3,3,2,16,1,0,1,1,1,1,3,3,3,15,0,619.89016170400,Kuliouou,Oahu,1,Very High,Zone 3: East Honolulu,34.00000000000,58
352541.973,252.917,2,1,1,1,2,1,3,2,2,2,3,20,3,2,2,2,2,11,1,2,2,3,2,10,2,4,3,3,3,2,17,1,0,1,1,1,1,3,3,3,15,0,1651.76551280000,Aina Haina,Oahu,1,Extreme,Zone 3: East Honolulu,40.00000000000,61
352541.973,252.917,1,1,1,1,1,1,3,1,1,1,1,13,2,1,1,1,1,6,1,2,2,2,2,9,1,5,3,2,2,1,14,1,0,1,1,1,1,3,3,3,15,0,767.65681979200,Kahala,Oahu,1,Low,Zone 3: East Honolulu,16.00000000000,46
352541.973,252.917,2,1,2,1,2,1,3,2,1,1,1,17,1,1,1,1,1,5,2,1,1,1,1,6,1,4,2,1,1,1,10,1,0,1,1,1,1,3,3,3,15,0,945.38033221300,Waikiki,Oahu,1,Very Low,Zone 4: Honolulu,8.00000000000,42
352541.973,252.917,1,1,1,1,2,1,3,1,1,2,2,16,2,2,2,2,2,10,1,2,2,3,2,10,1,5,3,3,2,1,15,1,0,1,1,1,1,3,3,3,15,0,870.63478063900,Diamond Head,Oahu,1,High,Zone 4: Honolulu,26.00000000000,55
352541.973,252.917,2,1,2,1,2,1,3,2,1,2,1,18,1,2,1,1,2,7,1,2,2,3,2,10,1,4,3,2,1,1,12,1,0,1,1,1,1,3,3,3,15,0,830.97739124400,Kaimuki,Oahu,1,Low,Zone 4: Honolulu,16.00000000000,47
352541.973,252.917,2,1,2,1,2,1,3,2,1,2,2,19,2,2,2,2,2,10,1,2,2,3,2,10,1,3,2,2,2,2,12,1,0,4,2,1,1,3,3,3,19,0,767.73175974600,Palolo,Oahu,1,Moderate,Zone 4: Honolulu,22.00000000000,50
352541.973,252.917,3,1,1,1,2,1,3,2,2,2,3,21,3,2,2,2,2,11,1,2,2,3,2,10,3,4,3,3,3,3,19,1,0,1,1,1,1,3,3,3,15,0,914.41707056700,Waialae Nui,Oahu,1,Extreme,Zone 3: East Honolulu,40.00000000000,65
352541.973,252.917,2,1,1,1,2,1,3,1,1,1,1,15,1,1,1,1,1,5,1,1,1,2,1,6,1,5,2,1,1,1,11,1,0,1,1,1,1,3,3,3,15,0,1288.53830852000,Ala Moana,Oahu,1,Very Low,Zone 4: Honolulu,8.00000000000,38
352541.973,252.917,2,1,1,1,2,1,3,1,1,1,1,15,1,1,1,1,1,5,1,1,1,2,1,6,1,5,2,1,1,1,11,1,0,1,1,1,1,3,3,3,15,0,878.32259757400,Kakaako,Oahu,1,Very Low,Zone 4: Honolulu,1.00000000000,38
352541.973,252.917,2,1,1,1,2,1,3,1,1,1,1,15,1,1,1,1,1,5,1,1,1,2,1,6,1,5,2,1,1,1,11,1,0,1,1,1,1,3,3,3,15,0,563.17533672900,Iwilei,Oahu,1,Very Low,Zone 4: Honolulu,1.00000000000,38
352541.973,252.917,2,1,1,1,2,1,3,2,1,2,1,17,1,1,1,1,1,5,1,1,2,2,2,8,1,5,2,2,1,1,12,1,0,1,1,1,1,3,3,3,15,0,1105.59082256000,Kalihi,Oahu,1,Very Low,Zone 4: Honolulu,4.00000000000,43
352541.973,252.917,0,0,0,0,0,0,0,0,0,0,0,0,0,0,0,0,0,0,0,0,0,0,0,0,0,0,0,0,0,0,0,0,0,0,0,0,0,0,0,0,0,0,6366.86555865000,,Oahu,0,Unranked,non,0.00000000000,
352541.973,252.917,2,1,1,1,1,1,3,2,2,2,3,19,3,2,2,2,2,11,1,2,2,3,2,10,1,5,2,3,2,1,14,1,0,1,1,1,1,3,3,3,15,0,3668.92210067000,Salt Lake,Oahu,1,Extreme,Zone 4: Honolulu,26.00000000000,55
352541.973,252.917,2,1,2,1,2,1,2,2,2,2,2,19,3,2,2,2,2,11,1,2,2,3,2,10,2,4,2,3,2,2,15,1,0,1,1,1,1,3,3,3,15,0,2982.36664981000,Kalihi Valley,Oahu,1,High,Zone 4: Honolulu,26.00000000000,55
352541.973,252.917,2,1,2,1,2,1,2,2,1,2,2,18,1,2,2,2,1,8,1,2,2,3,2,10,2,2,1,1,1,2,9,1,0,1,1,1,1,3,3,3,15,0,1790.45543299000,Nuuanu,Oahu,1,Very Low,Zone 4: Honolulu,8.00000000000,43
352541.973,252.917,3,1,2,1,3,1,1,1,2,2,3,20,2,2,3,2,1,10,1,2,2,3,2,10,3,3,3,2,2,3,16,1,0,1,1,1,1,3,3,3,15,0,1687.65981296000,Tantalus,Oahu,1,Very High,Zone 4: Honolulu,28.00000000000,58
352541.973,252.917,2,1,2,1,2,1,3,1,2,2,2,19,2,2,2,2,1,9,1,2,2,3,2,10,1,3,1,2,1,1,9,1,0,1,1,1,1,3,3,3,15,0,2012.37690528000,Manoa,Oahu,1,Very Low,Zone 4: Honolulu,8.00000000000,44
352541.973,252.917,2,1,2,1,2,1,3,2,1,2,2,19,3,2,2,2,2,11,1,2,2,3,2,10,1,4,2,1,1,1,10,1,0,1,1,1,1,3,3,3,15,0,508.12250570000,St Louis Heights,Oahu,1,Extreme,Zone 4: Honolulu,40.00000000000,61
352541.973,252.917,2,1,1,1,2,1,2,2,1,2,3,18,3,2,3,3,3,14,1,2,2,3,2,10,1,4,2,3,3,1,14,1,0,1,1,1,1,3,3,3,15,0,1990.79907549000,Moanalua,Oahu,1,Very High,Zone 4: Honolulu,36.00000000000,58
352541.973,252.917,2,1,2,1,2,1,3,2,1,2,2,19,2,2,2,2,2,10,1,2,2,3,2,10,2,3,3,2,2,2,14,1,0,1,1,1,1,3,3,3,15,0,2935.93963006000,Kaneohe Mauka,Oahu,1,High,Zone 5: Windward Oahu,26.00000000000,54
352541.973,252.917,1,1,1,1,2,1,2,1,2,1,2,15,2,3,2,1,2,10,2,1,2,2,2,9,2,6,3,3,2,2,18,1,0,1,1,1,1,3,3,3,15,0,8598.08446020000,Mililani,Oahu,1,Very High,Zone 2: North and Central Oahu,36.00000000000,59
352541.973,252.917,2,2,2,1,2,1,2,2,2,2,3,21,3,2,2,2,2,11,1,2,2,3,2,10,1,4,3,3,3,1,15,1,0,1,1,1,1,3,3,3,15,0,3428.66969623000,Wahiawa,Oahu,1,Very High,Zone 2: North and Central Oahu,36.00000000000,58
352541.973,252.917,0,0,0,0,0,0,0,0,0,0,0,0,0,0,0,0,0,0,0,0,0,0,0,0,0,0,0,0,0,0,0,0,0,0,0,0,0,3,3,3,0,0,1295.68401077000,Helemano Military Reservation,Oahu,0,Very High,Zone 2: North and Central Oahu,36.00000000000,
352541.973,252.917,2,1,1,1,2,1,1,2,2,1,3,17,3,2,2,2,2,11,1,2,2,2,2,9,1,4,3,3,3,1,15,1,0,1,1,1,1,3,3,3,15,0,2847.99607716000,Schofield,Oahu,1,High,Zone 2: North and Central Oahu,26.00000000000,55
352541.973,252.917,2,1,2,1,2,1,2,2,3,2,3,21,3,3,2,2,2,12,1,2,2,3,2,10,1,4,2,2,2,2,13,1,0,1,2,1,1,3,3,3,16,0,976.89368002400,Sunset Beach,Oahu,1,Very High,Zone 2: North and Central Oahu,30.00000000000,55
352541.973,252.917,2,1,2,1,2,1,2,2,3,2,3,21,3,3,3,2,2,13,1,2,2,3,2,10,1,4,2,2,2,1,12,1,0,1,1,1,1,3,3,3,15,0,1622.43770175000,Waimea,Oahu,1,High,Zone 2: North and Central Oahu,26.00000000000,54
352541.973,252.917,2,1,2,1,2,2,1,2,3,2,3,21,3,3,3,2,1,12,1,2,2,3,2,10,1,5,4,3,3,1,17,1,0,1,1,1,1,3,3,3,15,0,2285.08949440000,Mokuleia,Oahu,1,Extreme,Zone 2: North and Central Oahu,40.00000000000,62
352541.973,252.917,3,1,2,1,3,1,2,1,3,2,3,22,3,3,2,2,2,12,2,2,2,3,2,11,1,5,3,3,3,1,16,1,0,1,1,1,1,3,3,3,15,0,1898.69153638000,Haleiwa,Oahu,1,Extreme,Zone 2: North and Central Oahu,40.00000000000,62
352541.973,252.917,2,1,2,1,2,1,3,2,2,2,2,20,3,2,2,2,2,11,1,2,2,3,2,10,2,5,3,3,3,2,18,1,0,1,1,1,1,3,3,3,15,0,622.03260668700,Kalaheo,Oahu,1,Extreme,Zone 5: Windward Oahu,40.00000000000,63
352541.973,252.917,2,1,1,1,2,1,3,2,1,2,2,18,2,2,2,1,2,9,1,2,2,2,2,9,1,5,3,3,2,2,16,1,0,1,1,1,1,3,3,3,15,0,841.20488448000,Hawaii Kai,Oahu,1,High,Zone 3: East Honolulu,30.00000000000,55
352541.973,252.917,3,1,1,1,2,1,3,2,1,1,1,17,1,2,1,1,1,6,2,2,2,2,2,10,1,5,4,2,1,1,14,1,0,1,1,1,1,3,3,3,15,0,43.68187590710,Wai Lupe,Oahu,1,Moderate,Zone 3: East Honolulu,21.00000000000,49
352541.973,252.917,3,1,1,1,2,1,3,2,2,2,3,21,3,2,2,2,2,11,1,2,2,3,2,10,3,4,3,3,3,3,19,1,0,1,1,1,1,3,3,3,15,0,1037.32565020000,Waialae Iki,Oahu,1,Extreme,Zone 3: East Honolulu,40.00000000000,65
352541.973,252.917,2,1,2,2,2,1,3,2,1,2,2,20,2,2,2,2,2,10,1,2,2,3,2,10,3,4,3,3,3,3,19,1,0,1,1,1,1,3,3,3,15,0,498.75859153100,Maunalani Heights,Oahu,1,Extreme,Zone 4: Honolulu,40.00000000000,64
352541.973,252.917,2,1,1,1,2,1,1,1,3,2,3,18,3,2,2,3,2,12,1,2,2,3,2,10,2,5,3,3,3,2,18,1,0,1,1,1,1,3,3,3,15,0,638.88128711400,Diamond Head Park,Oahu,1,Extreme,Zone 4: Honolulu,40.00000000000,63
352541.973,252.917,0,0,0,0,0,0,0,0,0,0,0,0,0,0,0,0,0,0,0,0,0,0,0,0,0,0,0,0,0,0,0,0,0,0,0,0,0,0,0,0,0,0,265.28777268400,,Oahu,0,Unranked,non,0.00000000000,
352541.973,252.917,2,1,2,1,2,1,3,2,1,2,1,18,1,1,1,1,2,6,1,1,2,2,1,7,1,5,2,2,1,1,12,1,0,1,1,1,1,3,3,3,15,0,196.65073663900,Moiliili,Oahu,1,Low,Zone 4: Honolulu,10.00000000000,43
352541.973,252.917,2,1,2,1,2,1,2,2,3,2,3,21,3,2,3,2,2,12,1,2,2,3,2,10,2,5,3,3,3,2,18,1,0,1,1,1,1,3,3,3,15,0,418.97874594900,Punchbowl,Oahu,1,High,Zone 4: Honolulu,30.00000000000,64
352541.973,252.917,2,1,2,1,3,1,3,2,2,2,3,22,3,2,2,2,2,11,1,2,2,3,2,10,3,4,2,3,2,3,17,1,0,1,1,1,1,3,3,3,15,0,372.54466791000,Pacific Heights,Oahu,1,Extreme,Zone 4: Honolulu,38.00000000000,62
352541.973,252.917,2,1,2,1,2,1,3,2,2,2,2,20,2,2,2,2,2,10,1,2,2,2,2,9,3,4,3,3,3,3,19,1,0,1,1,1,1,3,3,3,15,0,1215.90854931000,Halawa,Oahu,1,Extreme,Zone 4: Honolulu,40.00000000000,63
352541.973,252.917,2,1,2,1,2,1,3,1,2,2,3,20,2,2,2,2,2,10,1,2,2,3,2,10,3,5,3,3,3,3,20,1,0,1,1,1,1,3,3,3,15,0,1935.59094422000,Aiea,Oahu,1,Extreme,Zone 4: Honolulu,40.00000000000,65
352541.973,252.917,2,1,1,1,2,1,2,2,2,2,2,18,3,2,2,2,2,11,2,1,2,2,2,9,2,6,3,3,3,2,19,1,0,1,1,1,1,3,3,3,15,0,1804.85067683000,Waipio,Oahu,3,Extreme,Zone 2: North and Central Oahu,40.00000000000,63
352541.973,252.917,2,1,2,1,2,1,3,2,1,2,2,19,1,2,1,1,2,7,1,1,2,2,1,7,2,4,2,2,1,1,12,1,0,1,1,1,1,3,3,3,15,0,138.22881856300,Makiki,Oahu,1,Very High,Zone 4: Honolulu,30.00000000000,44
352541.973,252.917,2,1,1,1,2,1,3,2,1,2,2,18,2,2,2,1,2,9,1,2,2,2,2,9,1,5,3,3,2,2,16,1,0,1,1,1,1,3,3,3,15,0,580.09033449000,Hawaii Kai,Oahu,1,High,Zone 3: East Honolulu,30.00000000000,55
352541.973,252.917,2,2,2,1,1,1,3,2,2,1,3,20,2,3,3,3,2,13,1,2,2,1,1,7,3,4,4,3,3,3,20,1,0,1,1,1,1,3,3,3,15,0,580.09033449000,Mariner's Cove,Oahu,1,High,Zone 3: East Honolulu,30.00000000000,55
20255.633,31.118,3,1,1,1,2,2,1,1,2,2,3,19,2,2,2,2,3,11,1,1,1,3,1,7,2,5,1,3,2,3,16,2,0,1,1,2,3,3,3,3,18,0,20255.63291850000,Kaumalapau Harbor,Lanai,1,Unranked,,0.00000000000,71
